config	thickness	halfLength	OutRadius0	OutRadius1	distFromTargetEnd	sob	trk_edep	alpha	obj
ipa04R00_00	2.9928	252.1832	373.4468	312.9148	611.3288	2.47000	3.53933e-02	80.000	-0.36146
ipa04R00_01	0.2631	427.6461	362.3805	283.1611	647.0793	3.25000	4.05854e-02	80.000	0.00316
ipa04R00_02	2.4493	306.1453	255.7654	382.2736	660.2519	2.61000	2.69752e-02	80.000	0.45198
ipa04R00_03	2.0331	610.4658	339.4868	285.4461	722.7897	2.45000	1.11911e-02	80.000	1.55471
ipa04R00_04	0.5847	583.9225	340.5225	389.8851	615.0728	3.03000	1.88428e-02	80.000	1.52258
ipa04R01_01	0.1924	456.3754	352.0600	392.5529	598.3262	3.25000	4.55104e-02	80.000	-0.39083
ipa04R01_02	0.6982	686.0392	323.9899	400.0000	535.0298	2.91000	1.60688e-02	80.000	1.62449
ipa04R01_03	0.7885	588.3379	345.3609	400.0000	749.5519	2.89000	1.78274e-02	80.000	1.46381
ipa04R01_00	0.6321	627.9763	345.2641	334.3084	656.5156	3.01000	1.67245e-02	80.000	1.67204
ipa04R01_04	0.9179	609.1244	377.6453	372.8143	590.0136	2.76000	1.63195e-02	80.000	1.45444
ipa05R00_00	0.1000	614.4138	348.3097	353.3540	620.5986	3.27000	5.33034e-02	80.000	-0.99427
ipa05R00_01	1.0617	648.7553	323.9659	353.4128	663.1788	2.77000	1.07457e-02	80.000	1.91034
ipa05R00_02	0.2562	608.0729	343.4019	259.4252	658.9117	3.24000	3.21535e-02	80.000	0.66772
ipa05R00_03	0.1155	673.4123	355.0633	400.0000	647.2465	3.27000	4.43596e-02	80.000	-0.27877
ipa05R00_04	0.1392	244.1368	351.6159	337.8637	623.3038	3.28000	6.05087e-02	80.000	-1.56070
ipa05R01_00	0.6829	568.6302	296.3111	292.8546	666.7586	3.07000	1.72042e-02	80.000	1.69366
ipa05R01_01	0.2897	473.5363	310.2358	250.0000	722.8232	3.25000	3.79840e-02	80.000	0.21128
ipa05R01_02	0.8682	700.0000	314.4922	336.6554	637.5049	2.89000	1.44047e-02	80.000	1.73762
ipa05R01_03	0.1000	700.0000	376.1571	250.0000	771.0515	3.28000	5.11366e-02	80.000	-0.81093
ipa05R01_04	1.1079	647.0543	326.5353	278.9173	674.3024	2.82000	1.30281e-02	80.000	1.77775
ipa06R00_00	1.0432	522.0363	313.4901	336.9354	634.4114	2.89000	1.47543e-02	80.000	1.70966
ipa06R00_01	0.4806	572.9633	318.8731	276.3171	670.3421	3.13000	2.29663e-02	80.000	1.29270
ipa06R00_02	0.1000	559.3075	264.1787	400.0000	713.8172	3.28000	5.26739e-02	80.000	-0.93391
ipa06R00_03	1.3836	597.1870	320.3676	340.4533	692.5969	2.70000	1.16666e-02	80.000	1.76667
ipa06R00_04	0.8038	551.2334	315.1915	319.2792	651.2807	2.98000	1.49240e-02	80.000	1.78608
ipa06R01_00	0.1000	523.9659	349.1943	250.0000	710.4243	3.29000	5.41783e-02	80.000	-1.04426
ipa06R01_01	1.0317	619.7711	290.1439	345.8798	664.1373	2.85000	1.38673e-02	80.000	1.74061
ipa06R01_02	0.4435	537.2694	250.0000	250.0000	556.7403	3.17000	2.78725e-02	80.000	0.94020
ipa06R01_03	0.1000	200.0000	250.0000	287.1883	800.0000	3.31000	6.79990e-02	80.000	-2.12992
ipa06R01_04	0.8882	596.3221	250.0000	335.1045	692.4128	2.95000	1.55755e-02	80.000	1.70396
ipa07R00_00	1.2576	700.0000	338.8557	332.7808	744.3578	2.67000	9.24059e-03	80.000	1.93075
ipa07R00_01	0.5563	232.3197	264.5600	250.0000	624.2722	3.22000	4.70972e-02	80.000	-0.54778
ipa07R00_02	0.3347	246.4610	250.0000	348.7896	572.4870	3.27000	5.13347e-02	80.000	-0.83677
ipa07R00_03	0.1000	263.1649	308.0989	250.0000	400.0000	3.29000	6.54474e-02	80.000	-1.94579
ipa07R00_04	1.6348	700.0000	330.6700	304.1580	687.7173	2.53000	1.09198e-02	80.000	1.65641
ipa07R01_01	0.1000	394.8532	276.1705	282.6174	616.7584	3.28000	5.53481e-02	80.000	-1.14785
ipa07R01_00	1.1361	654.2871	323.1036	314.2937	800.0000	2.78000	1.18104e-02	80.000	1.83517
ipa07R01_02	0.1000	700.0000	376.2578	250.0000	445.7890	3.27000	4.76156e-02	80.000	-0.53924
ipa07R01_04	0.1000	700.0000	250.0000	250.0000	800.0000	3.28000	5.05220e-02	80.000	-0.76176
ipa07R01_03	1.4493	663.0255	365.3329	324.4595	800.0000	2.58000	1.09265e-02	80.000	1.70588
ipa08R00_00	0.1000	200.0000	263.6415	400.0000	800.0000	3.31000	6.73881e-02	80.000	-2.08104
ipa08R00_02	0.5786	570.2907	291.8750	291.4746	637.0206	3.10000	2.16822e-02	80.000	1.36542
ipa08R00_01	0.3815	548.7610	306.8178	250.0000	624.7405	3.20000	2.56342e-02	80.000	1.14927
ipa08R00_04	0.1000	509.2955	250.0000	400.0000	400.0000	3.27000	5.21720e-02	80.000	-0.90376
ipa08R00_03	1.3761	700.0000	305.0918	352.3888	783.3978	2.63000	1.01718e-02	80.000	1.81625
ipa08R01_00	0.1000	700.0000	302.6557	250.0000	606.8073	3.27000	5.04587e-02	80.000	-0.76670
ipa08R01_01	0.1000	200.0000	250.0000	400.0000	400.0000	3.30000	6.92149e-02	80.000	-2.23719
ipa08R01_03	1.1596	700.0000	327.4577	324.1486	735.7641	2.73000	1.14020e-02	80.000	1.81784
ipa08R01_04	1.3227	700.0000	341.6477	361.2917	722.7651	2.59000	1.01881e-02	80.000	1.77495
ipa08R01_02	0.8905	610.9531	321.3743	292.9108	699.1485	2.95000	1.31115e-02	80.000	1.90108
ipa09R00_00	0.1000	430.1433	400.0000	250.0000	484.6938	3.26000	5.37168e-02	80.000	-1.03735
ipa09R00_01	0.6027	553.2080	333.6799	250.0000	633.2749	3.09000	2.07422e-02	80.000	1.43062
ipa09R00_02	0.4453	563.6517	336.2162	250.0000	615.8264	3.13000	2.33987e-02	80.000	1.25810
ipa09R00_03	0.7641	603.3680	313.9184	269.5600	694.3437	3.01000	1.58284e-02	80.000	1.74373
ipa09R00_04	1.5511	700.0000	331.0408	349.0018	800.0000	2.54000	8.80369e-03	80.000	1.83570
ipa09R01_03	0.9849	627.8230	311.5797	314.2415	726.2101	2.88000	1.31868e-02	80.000	1.82506
ipa09R01_04	0.1000	200.0000	380.8239	250.0000	800.0000	3.31000	6.38332e-02	80.000	-1.79666
ipa09R01_02	0.3405	547.4347	304.4761	250.0000	687.3027	3.22000	3.15678e-02	80.000	0.69458
ipa09R01_01	1.7184	700.0000	306.8474	386.3664	800.0000	2.43000	1.03954e-02	80.000	1.59836
ipa09R01_00	0.1000	458.9652	323.6443	366.1438	800.0000	3.29000	5.80841e-02	80.000	-1.35673
ipa11R00_01	1.5423	689.5812	303.4917	323.5611	800.0000	2.58000	9.58186e-03	80.000	1.81345
ipa11R00_00	0.1000	200.0000	319.4966	250.0000	800.0000	3.31000	6.61687e-02	80.000	-1.98350
ipa11R00_04	0.8299	610.8922	308.8016	301.2541	688.3488	2.96000	1.64140e-02	80.000	1.64688
ipa11R00_03	0.1251	468.2377	250.0000	250.0000	800.0000	3.29000	5.56765e-02	80.000	-1.16412
ipa11R00_02	0.4980	571.6643	293.7108	250.0000	800.0000	3.13000	2.26982e-02	80.000	1.31415
ipa11R01_00	1.0650	661.4320	307.3726	317.0536	746.5966	2.84000	1.41177e-02	80.000	1.71058
ipa11R01_01	0.1000	321.3243	250.0000	400.0000	587.7974	3.28000	6.58767e-02	80.000	-1.99014
ipa11R01_03	0.1998	553.0183	317.5810	250.0000	710.2127	3.26000	3.97015e-02	80.000	0.08388
ipa11R01_04	0.4121	582.4340	309.2548	262.6095	648.2321	3.16000	2.33265e-02	80.000	1.29388
ipa11R01_02	1.3027	700.0000	314.5625	309.3630	800.0000	2.69000	1.08753e-02	80.000	1.81998
