config	r0	r1	r2	t0	t1	t2	mu_per_POT	edep_per_POT_MeV	peak_dose_Gy_per_POT	peak_plate_idx	obj
pt6d01R00_00	3.8616	2.6153	3.1933	6.7968	6.6299	3.8612	2.268132e-03	4.024917e+02	2.150438e-09	25	2.268132e-03
pt6d01R00_03	4.3893	2.8793	3.3386	6.9835	7.0000	3.3357	2.254348e-03	4.257045e+02	1.935017e-09	25	2.254348e-03
pt6d01R00_01	3.8713	2.1535	3.4069	5.8869	6.7023	5.4500	2.153333e-03	3.885990e+02	2.568873e-09	24	2.153333e-03
pt6d01R00_04	3.3774	2.6214	3.2834	7.0000	6.5741	4.6580	2.166667e-03	4.028970e+02	2.003929e-09	24	2.166667e-03
pt6d01R00_08	3.6828	2.4671	3.1764	6.4691	6.9522	3.0000	2.202198e-03	3.931478e+02	2.316170e-09	25	2.202198e-03
pt6d01R00_02	3.5724	2.9880	3.3335	6.9366	6.6447	3.0000	2.077778e-03	4.117525e+02	1.735504e-09	25	2.077778e-03
pt6d01R00_07	4.2139	2.9534	3.2659	7.0000	6.4139	4.5116	2.108889e-03	4.204554e+02	1.837889e-09	27	2.108889e-03
pt6d01R00_09	3.8339	2.3973	3.0433	7.0000	5.5821	5.4063	2.160870e-03	3.798233e+02	2.408328e-09	24	2.160870e-03
pt6d01R00_06	4.0536	2.6405	3.5432	6.5124	5.6861	3.7653	2.113333e-03	3.818438e+02	2.065109e-09	23	2.113333e-03
pt6d01R00_05	3.8441	2.0554	3.3932	7.0000	6.8114	6.5836	2.171111e-03	3.981621e+02	2.662551e-09	23	2.171111e-03
pt6d02R00_01	4.5000	2.3953	2.5206	7.0000	7.0000	3.0591	2.197778e-03	3.998027e+02	2.998250e-09	26	2.197778e-03
pt6d02R00_00	2.0000	4.5000	2.0000	3.0000	3.0000	7.0000	1.745652e-03	3.059688e+02	3.278572e-09	34	1.745652e-03
pt6d02R00_04	3.5606	2.0000	2.8565	5.4768	7.0000	3.3885	2.153333e-03	3.642779e+02	3.194885e-09	23	2.153333e-03
pt6d02R00_03	3.6805	2.0000	2.0828	7.0000	5.0202	7.0000	2.076923e-03	3.470395e+02	3.891092e-09	28	2.076923e-03
pt6d02R00_02	4.5000	2.0000	2.9378	4.6310	7.0000	3.0000	2.045652e-03	3.652694e+02	3.445241e-09	23	2.045652e-03
pt6d02R00_05	3.4741	2.0000	3.9446	5.2795	7.0000	6.2453	2.091111e-03	3.899377e+02	2.529179e-09	20	2.091111e-03
pt6d02R00_06	4.5000	4.3798	3.4569	7.0000	7.0000	4.5497	2.320000e-03	4.879960e+02	1.300979e-09	33	2.320000e-03
pt6d02R00_07	3.2005	2.0000	4.5000	6.4178	7.0000	3.8626	2.160870e-03	3.802709e+02	2.701965e-09	18	2.160870e-03
pt6d02R00_08	4.2926	2.1203	2.4541	6.7439	7.0000	3.8617	2.149451e-03	3.851898e+02	3.467387e-09	26	2.149451e-03
pt6d02R00_09	2.6763	2.0000	2.0000	7.0000	3.0000	7.0000	1.795745e-03	2.856377e+02	3.710191e-09	31	1.795745e-03
pt6d02R01_02	4.5000	2.4112	3.9316	7.0000	7.0000	3.0000	2.144444e-03	4.082096e+02	2.296616e-09	21	2.144444e-03
pt6d02R01_01	4.0156	2.3451	2.1348	7.0000	7.0000	5.4849	2.182222e-03	3.971626e+02	3.405098e-09	30	2.182222e-03
pt6d02R01_04	2.7318	2.1487	3.3530	7.0000	7.0000	5.0483	2.143478e-03	3.847387e+02	2.426462e-09	21	2.143478e-03
pt6d02R01_00	3.6737	2.3637	2.5020	7.0000	7.0000	4.3640	2.291304e-03	3.935390e+02	2.828919e-09	28	2.291304e-03
pt6d02R01_03	3.6485	2.0725	4.2235	6.6245	7.0000	4.9758	2.002222e-03	3.958413e+02	2.515176e-09	20	2.002222e-03
pt6d02R01_05	4.5000	3.2160	2.6441	7.0000	7.0000	3.0000	2.260000e-03	4.347460e+02	2.136558e-09	31	2.260000e-03
pt6d02R01_06	4.5000	2.5886	3.0254	5.5784	7.0000	4.4956	2.239560e-03	4.084634e+02	2.328068e-09	25	2.239560e-03
pt6d02R01_07	4.5000	2.1148	2.2900	7.0000	6.0445	3.0000	2.129670e-03	3.671128e+02	3.804420e-09	26	2.129670e-03
pt6d02R01_08	4.5000	2.1088	2.9742	7.0000	5.7645	7.0000	2.189011e-03	3.865047e+02	2.963202e-09	25	2.189011e-03
pt6d02R01_09	4.5000	2.4320	4.0276	5.8874	7.0000	4.7128	2.239130e-03	4.129132e+02	2.118562e-09	22	2.239130e-03
pt6d03R00_00	4.5000	2.6620	4.2981	4.7656	7.0000	5.3225	2.202222e-03	4.215270e+02	1.772704e-09	21	2.202222e-03
pt6d03R00_02	4.5000	4.3834	4.5000	7.0000	7.0000	4.0126	2.085714e-03	4.895185e+02	9.243642e-10	26	2.085714e-03
pt6d03R00_01	4.5000	4.4179	2.0933	7.0000	7.0000	4.4122	2.145055e-03	4.804785e+02	2.924812e-09	34	2.145055e-03
pt6d03R00_03	4.5000	4.4750	3.6720	5.7700	7.0000	4.8378	2.184444e-03	4.853725e+02	1.170640e-09	32	2.184444e-03
pt6d03R00_04	4.1373	2.4228	3.6559	4.1626	7.0000	3.7734	2.134066e-03	3.884752e+02	2.226055e-09	22	2.134066e-03
pt6d03R00_06	4.5000	4.2097	2.0000	6.0919	7.0000	3.5473	2.182418e-03	4.609561e+02	3.085660e-09	34	2.182418e-03
pt6d03R00_05	4.5000	2.9013	3.3346	5.2187	7.0000	3.3221	2.273333e-03	4.141590e+02	1.907604e-09	25	2.273333e-03
pt6d03R00_08	4.5000	4.2061	4.3425	5.2779	7.0000	4.9888	2.193333e-03	4.788648e+02	9.933287e-10	29	2.193333e-03
pt6d03R00_07	4.5000	4.3744	2.8317	6.7185	7.0000	5.8624	2.293478e-03	4.896901e+02	1.812554e-09	33	2.293478e-03
pt6d03R00_09	4.5000	2.9837	2.2536	6.3540	5.8889	3.2078	2.108889e-03	3.916061e+02	2.756560e-09	31	2.108889e-03
pt6d03R01_00	4.5000	4.0009	3.3219	7.0000	7.0000	6.7181	2.177778e-03	4.873763e+02	1.454519e-09	32	2.177778e-03
pt6d03R01_04	4.5000	3.4686	3.1748	4.1588	7.0000	3.6770	2.288889e-03	4.282569e+02	1.644136e-09	30	2.288889e-03
pt6d03R01_03	4.5000	3.4731	3.4316	5.8709	7.0000	3.0000	2.297778e-03	4.391071e+02	1.509693e-09	28	2.297778e-03
pt6d03R01_01	4.5000	3.9714	2.9467	7.0000	7.0000	3.8289	2.292308e-03	4.669481e+02	1.671645e-09	33	2.292308e-03
pt6d03R01_02	4.5000	2.4099	2.9805	6.8485	5.0398	3.3344	1.955556e-03	3.577305e+02	2.713526e-09	23	1.955556e-03
pt6d03R01_06	4.5000	3.2946	4.0330	5.3997	7.0000	3.5649	2.155556e-03	4.352628e+02	1.422945e-09	24	2.155556e-03
pt6d03R01_05	4.5000	3.5520	3.2143	5.6176	7.0000	6.0708	2.227368e-03	4.565795e+02	1.608563e-09	31	2.227368e-03
pt6d03R01_07	4.1324	4.5000	2.4041	5.1517	7.0000	3.0000	2.217778e-03	4.603302e+02	2.214218e-09	34	2.217778e-03
pt6d03R01_08	4.5000	3.1786	3.8045	5.8365	7.0000	6.0635	2.259341e-03	4.492996e+02	1.493545e-09	25	2.259341e-03
pt6d03R01_09	4.5000	2.6401	3.7145	7.0000	7.0000	7.0000	2.278723e-03	4.393340e+02	1.875701e-09	24	2.278723e-03
pt6d04R00_00	4.5000	3.8537	2.7620	5.2397	7.0000	3.4600	2.375556e-03	4.459317e+02	1.888674e-09	33	2.375556e-03
pt6d04R00_01	4.5000	2.3981	3.9658	5.5277	7.0000	6.8192	2.353333e-03	4.219330e+02	2.055319e-09	22	2.353333e-03
pt6d04R00_03	4.5000	3.6016	3.1875	7.0000	7.0000	4.3346	2.315556e-03	4.585072e+02	1.595547e-09	31	2.315556e-03
pt6d04R00_02	4.5000	4.4890	2.9926	5.0244	7.0000	4.1876	2.219780e-03	4.714877e+02	1.598785e-09	33	2.219780e-03
pt6d04R00_05	4.1010	2.0058	3.0442	7.0000	6.2644	3.6468	2.091304e-03	3.699003e+02	3.253217e-09	23	2.091304e-03
pt6d04R00_04	4.5000	3.4060	3.5278	3.9127	7.0000	5.0079	2.246667e-03	4.355670e+02	1.499060e-09	27	2.246667e-03
pt6d04R00_06	3.3277	2.1183	3.4881	6.1067	6.5235	3.0000	2.006452e-03	3.638168e+02	2.735169e-09	21	2.006452e-03
pt6d04R00_07	4.5000	4.5000	2.8626	4.2557	7.0000	5.1994	2.245652e-03	4.718370e+02	1.749539e-09	33	2.245652e-03
pt6d04R00_08	2.7011	2.0000	4.5000	6.5961	7.0000	3.0000	2.030435e-03	3.681973e+02	2.771459e-09	18	2.030435e-03
pt6d04R00_09	4.4680	2.2548	3.5800	4.6364	7.0000	3.0000	2.135484e-03	3.822685e+02	2.609604e-09	22	2.135484e-03
pt6d05R00_02	3.8492	3.1421	2.8401	6.7856	7.0000	3.8879	2.287912e-03	4.293897e+02	1.956869e-09	30	2.287912e-03
pt6d05R00_01	2.2841	2.7400	3.4881	7.0000	6.9833	4.8659	2.106667e-03	4.082202e+02	1.677604e-09	24	2.106667e-03
pt6d05R00_00	4.5000	2.1044	3.7566	6.5792	7.0000	5.3190	2.271739e-03	4.041065e+02	2.654530e-09	21	2.271739e-03
pt6d05R00_05	4.4364	3.8877	2.5783	3.1952	7.0000	3.0000	2.071111e-03	4.252365e+02	2.027710e-09	33	2.071111e-03
pt6d05R00_04	4.4552	3.7210	2.5996	4.8289	7.0000	3.0000	2.220000e-03	4.344446e+02	2.045536e-09	33	2.220000e-03
pt6d05R00_07	4.5000	2.3242	4.1011	4.4959	7.0000	6.6409	2.364444e-03	4.130892e+02	2.118022e-09	22	2.364444e-03
pt6d05R00_03	4.5000	3.2073	4.5000	4.2572	7.0000	6.1082	2.213333e-03	4.457251e+02	1.316905e-09	23	2.213333e-03
pt6d05R00_09	4.5000	4.5000	2.4132	6.6042	7.0000	7.0000	2.315556e-03	4.954163e+02	2.396947e-09	34	2.315556e-03
pt6d05R00_06	3.7497	2.1044	2.0000	7.0000	6.3309	6.5233	2.197826e-03	3.733225e+02	3.859415e-09	30	2.197826e-03
pt6d05R00_08	4.4683	3.8060	2.5112	3.4199	7.0000	4.3068	2.260000e-03	4.326396e+02	2.226591e-09	33	2.260000e-03
pt6d05R01_01	4.5000	2.0000	3.6742	4.2882	7.0000	7.0000	2.294000e-03	3.937187e+02	2.699261e-09	22	2.294000e-03
pt6d05R01_02	4.5000	2.0000	3.3554	3.9737	7.0000	6.4023	2.194000e-03	3.843724e+02	2.892910e-09	23	2.194000e-03
pt6d05R01_04	4.5000	2.2101	3.1065	4.9009	7.0000	6.7095	2.182000e-03	3.989503e+02	2.658389e-09	25	2.182000e-03
pt6d05R01_05	4.3748	3.7309	2.4507	3.8814	7.0000	6.2007	2.390000e-03	4.438487e+02	2.376182e-09	33	2.390000e-03
pt6d05R01_07	4.3408	4.2517	2.0000	5.7773	7.0000	7.0000	2.216000e-03	4.744207e+02	3.284435e-09	34	2.216000e-03
pt6d05R01_08	4.5000	2.0000	3.7300	3.3631	7.0000	7.0000	2.076000e-03	3.887833e+02	2.664456e-09	22	2.076000e-03
pt6d06R00_06	4.3276	3.1646	2.2574	4.1042	6.7001	7.0000	2.191111e-03	4.188206e+02	2.800251e-09	33	2.191111e-03
pt6d06R00_00	4.2155	3.8126	2.5071	4.8170	7.0000	5.5564	2.228889e-03	4.493597e+02	2.238351e-09	33	2.228889e-03
pt6d06R00_02	3.6788	3.5786	2.4828	4.9531	7.0000	6.6880	2.340000e-03	4.448941e+02	2.308180e-09	33	2.340000e-03
pt6d06R00_01	4.4925	3.7353	2.5055	4.3725	7.0000	6.9277	2.117778e-03	4.522228e+02	2.311456e-09	33	2.117778e-03
pt6d06R00_05	4.5000	2.0371	4.3418	5.6890	7.0000	7.0000	2.242222e-03	4.116309e+02	2.454842e-09	21	2.242222e-03
pt6d06R00_03	3.9744	3.8648	2.8580	3.8447	7.0000	4.1232	2.186957e-03	4.380347e+02	1.782639e-09	33	2.186957e-03
pt6d06R00_04	4.3809	4.5000	2.3609	4.3318	7.0000	6.5661	2.087912e-03	4.741955e+02	2.446864e-09	34	2.087912e-03
pt6d06R00_07	4.2180	3.8882	2.8095	5.6834	7.0000	3.8387	2.284783e-03	4.512675e+02	1.811210e-09	33	2.284783e-03
pt6d06R00_08	3.6469	3.0210	2.2311	4.9613	6.9496	6.8099	2.296703e-03	4.186402e+02	2.861244e-09	33	2.296703e-03
pt6d06R01_02	3.5460	3.6305	2.5874	6.7595	7.0000	6.0264	2.244444e-03	4.550105e+02	2.165667e-09	33	2.244444e-03
pt6d06R01_07	3.8606	2.5121	3.6349	4.7029	7.0000	6.4424	2.053333e-03	4.113990e+02	1.955966e-09	24	2.053333e-03
pt6d06R01_00	3.2174	2.4350	2.0000	5.9018	6.9377	6.9224	2.102174e-03	3.899647e+02	3.513644e-09	33	2.102174e-03
pt6d06R01_03	3.6666	3.3919	2.2994	6.2924	7.0000	5.2890	2.293333e-03	4.379643e+02	2.607608e-09	33	2.293333e-03
pt6d06R01_01	4.5000	2.8176	3.4253	4.9330	7.0000	7.0000	2.241758e-03	4.316633e+02	1.829187e-09	27	2.241758e-03
pt6d06R01_04	2.9852	3.0235	2.0000	4.2233	6.9093	6.7539	2.272527e-03	4.068853e+02	3.289194e-09	33	2.272527e-03
pt6d06R01_05	4.5000	2.2840	3.5113	4.0377	7.0000	5.2907	2.228261e-03	3.931468e+02	2.429880e-09	23	2.228261e-03
pt6d06R01_06	4.5000	2.0000	2.5033	6.7006	4.9523	3.5257	2.004444e-03	3.378639e+02	3.838900e-09	23	2.004444e-03
pt6d06R01_08	4.0934	3.9484	2.9640	6.7419	7.0000	3.0000	2.173626e-03	4.574102e+02	1.638042e-09	33	2.173626e-03
pt6d06R01_09	4.0063	3.4540	2.2291	3.3017	7.0000	5.0551	2.208696e-03	4.195569e+02	2.712612e-09	33	2.208696e-03
pt6d07R00_04	4.5000	3.8853	2.3978	5.2201	7.5756	3.7863	2.307692e-03	4.623005e+02	2.333837e-09	33	2.307692e-03
pt6d07R00_03	4.3766	4.3950	2.0000	6.6680	7.0010	7.9101	2.402222e-03	4.897126e+02	3.299233e-09	34	2.402222e-03
pt6d07R00_02	3.4542	2.8337	2.2310	5.1313	7.5098	7.7029	2.314286e-03	4.240537e+02	2.895562e-09	33	2.314286e-03
pt6d07R00_00	3.8704	2.0000	3.1620	6.5155	5.6843	7.1474	2.171111e-03	3.749770e+02	2.901014e-09	23	2.171111e-03
pt6d07R00_05	3.3287	2.9008	3.7966	7.6544	6.7113	3.0000	2.271111e-03	4.135650e+02	1.667295e-09	21	2.271111e-03
pt6d07R00_01	3.4341	3.1010	2.4671	8.0000	7.1359	3.9286	2.293478e-03	4.321053e+02	2.322716e-09	33	2.293478e-03
pt6d07R00_06	3.2079	3.4218	2.0000	3.7812	7.4177	5.4230	2.268889e-03	4.271403e+02	3.193923e-09	34	2.268889e-03
pt6d07R00_08	4.5000	2.0935	3.4945	7.2757	7.8582	4.3016	2.191111e-03	4.135007e+02	2.820595e-09	23	2.191111e-03
pt6d07R00_07	4.5000	2.3286	3.4241	6.5886	7.3963	7.3718	2.273118e-03	4.284228e+02	2.282074e-09	24	2.273118e-03
pt6d07R00_09	4.2681	4.5000	2.5872	6.6209	7.7386	3.0000	2.221978e-03	4.946308e+02	1.978094e-09	34	2.221978e-03
pt6d07R01_01	4.5000	3.6089	2.7515	6.3061	7.6802	4.1794	2.317778e-03	4.655722e+02	1.951010e-09	33	2.317778e-03
pt6d07R01_05	2.7844	2.6532	2.0000	5.0976	7.9369	7.5957	2.288889e-03	4.128037e+02	3.386469e-09	33	2.288889e-03
pt6d07R01_07	3.7736	3.7895	2.3566	7.1504	7.5141	7.7055	2.493333e-03	4.793039e+02	2.508341e-09	34	2.493333e-03
pt6d07R01_02	4.4877	3.3861	2.7628	7.7522	7.9471	4.2368	2.301099e-03	4.723450e+02	1.994425e-09	31	2.301099e-03
pt6d07R01_03	4.5000	3.6926	2.7735	8.0000	7.6660	8.0000	2.356044e-03	4.943710e+02	2.003791e-09	33	2.356044e-03
pt6d07R01_04	3.9274	3.0387	2.4318	5.9741	7.8305	8.0000	2.219780e-03	4.495322e+02	2.539984e-09	33	2.219780e-03
pt6d07R01_09	4.3200	3.3455	2.7372	5.4606	7.8772	5.4811	2.317778e-03	4.578467e+02	2.050365e-09	32	2.317778e-03
pt6d08R00_06	3.7853	3.9637	2.0000	6.5680	8.0000	8.0000	2.373913e-03	4.884366e+02	3.296326e-09	34	2.373913e-03
pt6d08R00_07	4.5000	4.1578	2.0000	6.1370	5.4412	6.4161	2.066667e-03	4.301871e+02	3.283170e-09	34	2.066667e-03
pt6d08R00_01	3.8744	3.9508	2.0000	7.4541	6.9604	7.0079	2.410000e-03	4.712786e+02	3.244883e-09	34	2.410000e-03
pt6d08R00_05	4.0593	4.0610	2.0000	7.4391	5.8199	7.5619	2.256000e-03	4.516651e+02	3.273815e-09	34	2.256000e-03
pt6d08R00_00	3.1637	3.8885	2.1149	7.2061	7.3117	7.6428	2.308333e-03	4.721588e+02	2.985967e-09	34	2.308333e-03
pt6d08R00_02	3.8754	4.0190	2.5549	6.0723	7.1237	7.8972	2.232000e-03	4.786466e+02	2.194528e-09	34	2.232000e-03
pt6d08R01_05	3.9249	3.5474	2.9528	7.3189	7.6369	7.3858	2.362637e-03	4.793011e+02	1.809343e-09	33	2.362637e-03
pt6d08R01_00	4.0750	3.9699	2.3171	7.2104	7.7517	6.7944	2.473118e-03	4.902583e+02	2.567925e-09	34	2.473118e-03
pt6d08R01_07	4.5000	4.0291	2.1981	3.7772	8.0000	4.5802	2.382796e-03	4.687541e+02	2.709373e-09	34	2.382796e-03
pt6d08R01_06	3.8685	3.6714	2.0000	7.2204	7.5561	6.0950	2.430769e-03	4.675334e+02	3.244609e-09	34	2.430769e-03
pt6d08R01_02	2.0000	2.0545	2.0000	3.3660	8.0000	7.8947	2.069565e-03	3.696318e+02	3.549030e-09	33	2.069565e-03
pt6d08R01_01	3.9032	3.5008	2.0000	7.2399	7.5605	8.0000	2.293333e-03	4.667077e+02	3.293755e-09	34	2.293333e-03
pt6d08R01_08	4.0264	4.5000	2.1744	7.0757	7.6146	7.9031	2.473913e-03	5.081526e+02	2.865694e-09	34	2.473913e-03
pt6d08R01_09	4.2143	3.4096	2.2020	4.9066	8.0000	5.7135	2.395652e-03	4.547467e+02	2.816096e-09	33	2.395652e-03
pt6d09R00_05	3.4495	3.2046	2.4135	4.9946	8.0000	6.1413	2.182418e-03	4.456144e+02	2.465089e-09	33	2.182418e-03
pt6d09R00_03	3.5769	2.7462	3.3480	7.5501	7.8861	3.0000	2.275556e-03	4.304813e+02	1.914032e-09	25	2.275556e-03
pt6d09R00_07	3.9732	3.9114	2.1714	8.0000	8.0000	6.2547	2.415556e-03	4.927018e+02	2.854738e-09	34	2.415556e-03
pt6d09R00_04	4.0071	4.5000	2.8581	8.0000	7.9608	7.3673	2.271111e-03	5.263392e+02	1.791632e-09	34	2.271111e-03
pt6d09R00_00	4.5000	4.5000	3.0806	4.1301	8.0000	5.0113	2.281319e-03	4.987650e+02	1.569837e-09	33	2.281319e-03
pt6d09R00_09	4.3570	2.3629	2.6367	8.0000	7.6146	6.8998	2.265217e-03	4.263582e+02	2.778230e-09	28	2.265217e-03
pt6d09R01_00	4.2820	4.3992	2.0000	8.0000	7.5365	6.7518	2.296703e-03	5.051253e+02	3.268921e-09	34	2.296703e-03
pt6d09R01_01	4.5000	3.8704	3.1360	6.8405	7.5556	3.0000	2.260215e-03	4.725480e+02	1.524478e-09	31	2.260215e-03
pt6d09R01_03	4.5000	3.2694	3.7092	3.3760	7.5586	3.8473	2.239560e-03	4.340378e+02	1.512257e-09	26	2.239560e-03
pt6d09R01_02	3.3322	4.2356	2.0000	7.6396	8.0000	5.8108	2.487912e-03	4.967262e+02	3.200065e-09	34	2.487912e-03
pt6d09R01_04	3.7053	4.5000	2.5252	6.9063	6.9885	3.4215	2.182222e-03	4.732518e+02	2.071053e-09	34	2.182222e-03
pt6d09R01_07	4.5000	2.2965	3.2240	5.3834	7.6393	5.4195	2.450000e-03	4.116613e+02	2.524289e-09	25	2.450000e-03
pt6d09R01_08	4.0068	3.8914	2.4730	5.4200	7.8527	4.1748	2.245652e-03	4.687885e+02	2.222603e-09	33	2.245652e-03
pt6d09R01_09	3.6985	4.5000	2.5646	5.9919	7.9905	3.5723	2.221505e-03	4.939993e+02	2.025790e-09	34	2.221505e-03
pt6d10R00_04	3.5077	3.9264	2.0000	4.9957	8.0000	5.3993	2.257143e-03	4.689172e+02	3.183686e-09	34	2.257143e-03
pt6d10R00_01	3.3629	3.5400	2.0000	7.8198	8.0000	6.5945	2.353846e-03	4.705259e+02	3.250795e-09	34	2.353846e-03
pt6d10R00_03	4.5000	2.1097	2.4741	6.0428	8.0000	5.2459	2.247826e-03	4.018895e+02	3.455895e-09	26	2.247826e-03
pt6d10R00_06	3.7937	2.5714	3.2072	4.8203	6.9553	8.0000	2.191209e-03	4.181129e+02	2.019076e-09	27	2.191209e-03
pt6d10R00_05	3.8092	4.3084	2.1632	8.0000	8.0000	3.3142	2.247826e-03	4.971101e+02	2.684643e-09	34	2.247826e-03
pt6d10R00_07	2.8927	4.5000	2.0000	6.5524	8.0000	5.8376	2.153514e-03	4.977133e+02	3.220515e-09	34	2.153514e-03
pt6d10R00_08	4.5000	2.1168	2.5321	6.3444	7.3112	7.6760	2.237778e-03	4.028984e+02	3.224479e-09	27	2.237778e-03
pt6d10R01_00	4.5000	4.5000	3.7504	5.4413	7.6039	3.0000	2.100000e-03	4.884656e+02	1.097904e-09	32	2.100000e-03
pt6d10R01_01	3.6689	2.7972	3.1942	7.4032	7.8645	7.7491	2.152688e-03	4.523649e+02	1.833576e-09	29	2.152688e-03
pt6d10R01_02	3.8820	3.1338	2.8495	8.0000	8.0000	4.9936	2.289130e-03	4.605815e+02	1.968714e-09	31	2.289130e-03
pt6d10R01_03	4.5000	2.8460	4.2812	6.0510	6.0437	4.1494	2.125532e-03	4.048856e+02	1.718241e-09	21	2.125532e-03
pt6d10R01_04	2.8802	4.5000	2.0852	7.6890	8.0000	4.1376	2.227660e-03	4.971217e+02	2.903541e-09	34	2.227660e-03
pt6d10R01_06	3.6551	3.2595	2.0000	8.0000	8.0000	4.6564	2.395580e-03	4.569045e+02	3.198484e-09	33	2.395580e-03
pt6d10R01_05	4.5000	3.0206	2.5160	4.3787	8.0000	3.3024	2.323077e-03	4.299635e+02	2.399312e-09	30	2.323077e-03
pt6d10R01_09	3.6580	4.2922	2.0125	8.0000	8.0000	7.4964	2.197826e-03	5.072438e+02	3.257962e-09	34	2.197826e-03
pt6d10R01_08	4.2205	3.8223	3.3943	7.9162	8.0000	3.9278	2.255556e-03	4.911897e+02	1.386980e-09	31	2.255556e-03
pt6d11R00_00	3.8484	4.5000	2.0077	6.5821	7.0171	7.2129	2.240000e-03	4.878760e+02	3.246311e-09	34	2.240000e-03
pt6d11R00_03	4.2196	3.1663	3.1846	7.7282	7.4504	6.0606	2.153333e-03	4.611645e+02	1.745147e-09	30	2.153333e-03
pt6d11R00_01	4.2136	2.3429	4.5000	4.7096	7.5255	4.3623	2.140000e-03	4.105248e+02	2.096444e-09	20	2.140000e-03
pt6d11R00_02	3.3989	2.0690	2.7649	5.8743	8.0000	4.4036	2.094624e-03	3.879894e+02	2.965174e-09	24	2.094624e-03
pt6d11R00_04	4.1196	2.4252	3.4100	7.5509	7.8252	7.4122	2.243478e-03	4.389764e+02	2.111973e-09	25	2.243478e-03
pt6d11R00_08	4.3172	2.4747	3.0761	8.0000	6.9856	8.0000	2.377778e-03	4.330965e+02	2.252769e-09	26	2.377778e-03
pt6d11R00_05	4.5000	2.7406	3.5014	4.9224	8.0000	5.4665	2.250549e-03	4.394347e+02	1.920864e-09	25	2.250549e-03
pt6d11R00_09	3.3729	4.0635	2.3348	5.7612	6.9828	8.0000	2.258824e-03	4.702700e+02	2.556661e-09	34	2.258824e-03
pt6d12R00_00	4.5000	2.7716	3.0861	7.3654	8.0000	8.0000	2.277596e-03	4.595171e+02	2.029641e-09	28	2.277596e-03
pt6d12R00_01	4.5000	2.4898	2.5565	6.4744	6.8222	8.0000	2.209836e-03	4.167724e+02	2.730052e-09	29	2.209836e-03
pt6d12R00_02	3.8582	3.8839	2.0000	4.3010	8.0000	5.0214	2.259341e-03	4.640870e+02	3.177498e-09	34	2.259341e-03
pt6d12R00_04	3.0330	3.4771	2.0000	8.0000	8.0000	3.8578	2.366851e-03	4.573878e+02	3.138612e-09	34	2.366851e-03
pt6d12R00_05	3.1354	4.0593	2.0454	4.5441	6.7531	7.4830	2.208889e-03	4.500942e+02	3.157765e-09	34	2.208889e-03
pt6d12R00_07	4.1376	4.2754	2.0000	5.2980	7.2784	4.3769	2.222703e-03	4.673990e+02	3.134058e-09	34	2.222703e-03
pt6d12R00_08	3.0635	3.7368	2.2956	6.3077	7.7930	8.0000	2.240860e-03	4.747636e+02	2.640191e-09	34	2.240860e-03
pt6d12R00_09	3.6139	3.6952	2.3314	4.8308	6.8696	8.0000	2.336612e-03	4.495328e+02	2.558310e-09	34	2.336612e-03
pt6d12R01_02	3.3766	2.5776	3.0878	7.7158	6.3879	3.8120	2.251111e-03	3.957061e+02	2.151502e-09	24	2.251111e-03
pt6d12R01_00	4.2535	2.8671	2.0000	3.0000	7.8613	4.6808	2.143646e-03	4.098990e+02	3.343194e-09	33	2.143646e-03
pt6d12R01_01	4.5000	4.2587	3.3997	7.8183	6.5449	8.0000	2.400000e-03	4.982073e+02	1.399460e-09	33	2.400000e-03
pt6d12R01_03	4.5000	2.0000	2.9965	4.1703	7.4378	5.3465	2.156522e-03	3.833802e+02	3.183539e-09	24	2.156522e-03
pt6d12R01_04	4.5000	3.6665	2.9792	3.6668	8.0000	5.5063	2.275556e-03	4.649779e+02	1.748400e-09	32	2.275556e-03
pt6d12R01_06	4.5000	3.2058	3.6671	3.0000	8.0000	4.3990	2.201081e-03	4.427929e+02	1.546270e-09	27	2.201081e-03
pt6d12R01_09	4.5000	3.0785	3.8934	7.6181	6.9411	3.0000	2.208889e-03	4.373616e+02	1.635060e-09	23	2.208889e-03
pt6d12R01_07	3.1875	2.6116	3.3081	5.9975	6.6068	5.8139	2.167033e-03	4.041681e+02	1.923031e-09	25	2.167033e-03
pt6d12R01_08	3.8883	3.0088	2.0000	7.2224	6.5898	5.4238	2.186813e-03	4.202777e+02	3.323276e-09	33	2.186813e-03
pt6d12R02_00	4.0442	3.1966	2.0000	8.0000	6.6089	7.9948	2.380220e-03	4.431374e+02	3.323399e-09	33	2.380220e-03
pt6d12R02_01	4.5000	3.0127	3.6482	6.7430	7.8437	8.0000	2.280435e-03	4.710148e+02	1.585202e-09	28	2.280435e-03
pt6d12R02_02	3.5149	3.8653	2.0000	7.8339	8.0000	4.9925	2.307182e-03	4.815592e+02	3.159901e-09	34	2.307182e-03
pt6d12R02_06	3.4023	2.9959	2.8108	6.1658	7.0931	3.1067	2.145055e-03	4.132690e+02	1.984703e-09	29	2.145055e-03
pt6d12R02_03	4.1216	3.7459	2.5110	8.0000	6.9407	6.1934	2.175824e-03	4.700274e+02	2.268702e-09	33	2.175824e-03
pt6d12R02_09	3.9777	4.1975	2.4018	7.6728	7.6322	7.6866	2.331492e-03	5.019615e+02	2.431011e-09	34	2.331492e-03
pt6d12R02_05	3.7345	3.3254	2.5974	8.0000	7.2398	6.0717	2.362637e-03	4.561585e+02	2.198720e-09	33	2.362637e-03
pt6d12R02_08	4.5000	3.3912	2.0000	5.7631	8.0000	5.8465	2.228889e-03	4.600368e+02	3.269102e-09	33	2.228889e-03
pt6d12R03_02	3.0913	2.4619	2.0774	4.3158	7.0068	6.1390	2.208889e-03	3.812385e+02	3.264145e-09	32	2.208889e-03
pt6d12R03_00	4.3434	2.0000	3.2350	7.6591	6.5920	7.3843	2.238251e-03	4.028828e+02	2.913639e-09	23	2.238251e-03
pt6d12R03_01	3.4090	3.8844	2.4882	8.0000	8.0000	3.9125	2.259341e-03	4.808610e+02	2.152535e-09	33	2.259341e-03
pt6d12R03_03	4.1732	2.3978	4.0074	7.3570	6.3330	5.5324	2.222951e-03	4.103619e+02	2.125862e-09	21	2.222951e-03
pt6d12R03_09	3.7886	4.1659	2.0000	5.4225	7.8752	6.6951	2.331111e-03	4.840791e+02	3.292962e-09	34	2.331111e-03
pt6d12R03_04	4.4718	4.5000	2.7417	8.0000	6.9314	8.0000	2.345652e-03	5.090760e+02	1.953951e-09	34	2.345652e-03
pt6d12R03_08	2.6319	3.6874	3.0805	6.8176	7.8327	8.0000	2.345355e-03	4.818139e+02	1.648107e-09	33	2.345355e-03
pt6d12R03_06	3.5652	3.3724	3.6490	7.7185	8.0000	8.0000	2.428729e-03	4.880123e+02	1.371510e-09	30	2.428729e-03
pt6d13R00_02	2.9775	3.8924	2.9502	4.8208	7.7883	6.3829	2.220833e-03	4.728196e+02	1.712256e-09	33	2.220833e-03
pt6d13R00_03	4.2137	2.5618	4.2063	5.9253	6.8692	6.7512	2.271111e-03	4.288784e+02	1.803256e-09	23	2.271111e-03
pt6d13R00_05	4.5000	2.4513	4.0507	8.0000	7.0589	8.0000	2.308197e-03	4.462312e+02	1.910954e-09	22	2.308197e-03
pt6d13R00_07	2.5964	2.7169	3.6603	8.0000	6.5980	5.2445	2.241711e-03	4.108856e+02	1.699108e-09	22	2.241711e-03
pt6d13R00_08	4.4780	2.0000	3.9325	4.4124	8.0000	3.3501	2.293478e-03	3.924189e+02	2.872557e-09	21	2.293478e-03
pt6d13R00_09	3.1387	4.4503	3.0183	8.0000	7.7888	5.3927	2.393478e-03	5.064661e+02	1.580261e-09	33	2.393478e-03
pt6d13R01_01	3.4150	3.6010	2.9199	4.1171	7.9496	8.0000	2.243956e-03	4.709757e+02	1.827234e-09	33	2.243956e-03
pt6d13R01_02	3.8446	2.0000	2.6488	3.8857	6.6153	6.3541	2.059893e-03	3.622155e+02	3.214774e-09	25	2.059893e-03
pt6d13R01_03	4.1782	2.1132	3.5096	5.5885	6.4629	7.1215	2.281081e-03	3.947747e+02	2.552685e-09	23	2.281081e-03
pt6d13R01_04	3.8445	4.4809	2.0872	8.0000	6.3361	6.5979	2.301639e-03	4.785038e+02	3.002199e-09	34	2.301639e-03
pt6d13R01_05	3.6723	3.7582	4.2398	8.0000	6.9453	8.0000	2.342541e-03	4.918059e+02	1.082525e-09	29	2.342541e-03
pt6d13R01_06	3.8338	3.9929	3.3946	7.3756	8.0000	8.0000	2.214208e-03	5.105432e+02	1.405208e-09	33	2.214208e-03
pt6d13R01_08	3.5545	4.2628	4.1335	8.0000	7.3822	8.0000	2.298378e-03	5.171456e+02	1.023773e-09	32	2.298378e-03
pt6d13R02_00	4.5000	2.0448	4.5000	4.5512	8.0000	5.9545	2.220765e-03	4.163082e+02	2.386640e-09	21	2.220765e-03
pt6d13R02_02	3.4379	2.2656	3.7376	7.8140	6.7314	4.4870	2.061538e-03	3.979893e+02	2.332124e-09	20	2.061538e-03
pt6d13R02_04	3.6015	2.9870	2.0000	8.0000	7.4278	6.5540	2.259341e-03	4.386571e+02	3.307768e-09	33	2.259341e-03
pt6d13R02_03	4.5000	2.5076	3.7889	5.8886	8.0000	7.7723	2.167956e-03	4.475241e+02	1.888474e-09	24	2.167956e-03
pt6d13R02_06	4.5000	4.5000	2.0000	5.9896	8.0000	7.3900	2.325683e-03	5.096873e+02	3.298107e-09	34	2.325683e-03
pt6d13R02_09	3.5345	3.7455	2.0000	8.0000	6.2971	8.0000	2.281319e-03	4.543984e+02	3.297024e-09	34	2.281319e-03
pt6d13R02_08	4.5000	2.1128	3.7104	6.1645	6.2142	7.9276	2.188889e-03	4.039236e+02	2.491899e-09	23	2.188889e-03
pt6d13R02_05	2.6845	4.1932	3.8643	8.0000	7.9677	6.6295	2.328889e-03	5.094591e+02	1.097444e-09	32	2.328889e-03
pt6d13R03_02	3.8244	4.5000	3.5210	7.4714	8.0000	4.9204	2.280663e-03	5.174450e+02	1.232532e-09	33	2.280663e-03
pt6d13R03_03	2.7530	4.0896	2.1438	5.7169	7.3301	6.6031	2.340331e-03	4.660788e+02	2.888863e-09	34	2.340331e-03
pt6d13R03_04	4.5000	3.2061	3.5786	5.5012	8.0000	5.8150	2.337968e-03	4.654546e+02	1.553757e-09	27	2.337968e-03
pt6d13R03_00	3.3501	2.8514	2.5475	4.7675	6.8940	8.0000	2.172678e-03	4.172451e+02	2.383327e-09	33	2.172678e-03
pt6d13R03_05	3.8700	3.5320	4.2952	5.1407	6.2579	4.2442	2.141304e-03	4.237298e+02	1.213425e-09	23	2.141304e-03
pt6d13R03_06	3.2310	3.7794	2.8181	8.0000	7.7457	7.7082	2.267391e-03	4.889871e+02	1.890039e-09	33	2.267391e-03
pt6d13R03_07	4.5000	4.5000	2.5510	5.3074	8.0000	3.3321	2.339459e-03	4.937185e+02	2.024332e-09	33	2.339459e-03
pt6d13R03_09	4.2332	2.8702	3.3075	5.6001	7.1198	4.7824	2.254348e-03	4.249748e+02	1.873520e-09	26	2.254348e-03
pt6d13R03_01	4.5000	2.0000	2.0000	7.0224	6.9435	4.5690	2.156044e-03	3.824456e+02	4.475015e-09	27	2.156044e-03
pt6d13R03_08	4.4253	2.2742	2.0000	6.5638	6.7091	5.1340	2.139891e-03	3.880626e+02	3.830096e-09	29	2.139891e-03
pt6d14R00_01	3.2240	3.6581	4.1417	8.0000	7.2465	7.9965	2.188889e-03	4.906239e+02	1.105811e-09	30	2.188889e-03
pt6d14R00_02	4.2092	3.8217	2.5716	8.0000	7.3474	8.0000	2.328889e-03	4.892016e+02	2.206713e-09	33	2.328889e-03
pt6d14R00_03	3.0226	4.0442	2.0000	8.0000	7.5142	6.1062	2.282873e-03	4.793075e+02	3.265950e-09	34	2.282873e-03
pt6d14R00_05	3.8544	4.0151	3.2376	7.9174	8.0000	4.5266	2.338122e-03	4.984396e+02	1.459611e-09	32	2.338122e-03
pt6d14R00_07	3.0949	4.3451	3.4927	8.0000	6.9959	7.9011	2.268132e-03	5.020234e+02	1.304673e-09	33	2.268132e-03
pt6d14R00_06	4.5000	4.4142	2.7591	7.5920	7.1908	8.0000	2.246154e-03	5.106474e+02	1.920711e-09	34	2.246154e-03
pt6d14R00_09	3.8858	3.6831	2.2693	4.9234	7.8961	6.2879	2.386813e-03	4.653660e+02	2.641912e-09	33	2.386813e-03
pt6d14R00_08	3.3086	3.7185	3.8676	7.9726	7.6488	7.3741	2.263043e-03	4.940168e+02	1.181999e-09	31	2.263043e-03
pt6d14R01_02	4.5000	3.0190	3.4776	3.0000	7.0577	3.0000	2.251934e-03	4.009365e+02	1.766191e-09	25	2.251934e-03
pt6d14R01_01	4.4226	2.8635	2.4242	6.7040	7.7965	6.2878	2.275556e-03	4.427699e+02	2.624047e-09	31	2.275556e-03
pt6d14R01_03	4.5000	2.0557	3.2895	5.0672	7.7658	5.9459	2.112088e-03	4.036630e+02	2.836440e-09	24	2.112088e-03
pt6d14R01_04	4.2362	4.5000	2.4742	5.7842	7.6234	7.8642	2.266667e-03	5.059286e+02	2.300116e-09	34	2.266667e-03
pt6d14R01_07	3.5559	2.5448	2.3059	8.0000	6.7244	5.5228	2.181421e-03	4.048478e+02	2.836990e-09	30	2.181421e-03
pt6d14R01_09	2.6509	3.6488	2.0589	7.4333	7.2379	6.3082	2.357778e-03	4.535155e+02	3.104245e-09	34	2.357778e-03
pt6d14R02_00	4.5000	4.1757	4.5000	5.0939	7.8279	4.3634	2.276243e-03	4.944125e+02	9.754132e-10	27	2.276243e-03
pt6d14R02_01	4.4112	3.5045	2.2059	6.6634	8.0000	8.0000	2.246154e-03	4.773373e+02	2.854421e-09	33	2.246154e-03
pt6d14R02_04	2.8999	2.8746	3.0443	7.8186	7.3448	8.0000	2.388889e-03	4.435103e+02	1.830055e-09	30	2.388889e-03
pt6d14R02_02	2.9198	3.1423	3.3847	8.0000	7.7781	4.9678	2.353333e-03	4.518378e+02	1.538512e-09	28	2.353333e-03
pt6d14R02_05	2.8811	3.8273	2.7980	6.1859	7.7330	3.3486	2.206593e-03	4.577678e+02	1.767015e-09	33	2.206593e-03
pt6d14R02_06	4.5000	3.5623	2.0000	8.0000	8.0000	7.7810	2.356044e-03	4.844363e+02	3.271485e-09	34	2.356044e-03
pt6d14R02_07	4.1200	2.1575	3.5317	7.2545	7.4292	3.0000	2.174586e-03	3.998312e+02	2.750478e-09	22	2.174586e-03
pt6d14R02_09	3.7693	4.4377	3.2866	6.3895	8.0000	3.0000	2.360221e-03	4.961105e+02	1.326025e-09	33	2.360221e-03
pt6d14R03_00	2.6972	2.8896	2.4707	6.7303	8.0000	4.4168	2.235556e-03	4.268768e+02	2.371401e-09	32	2.235556e-03
pt6d14R03_01	4.4398	3.3092	2.8219	8.0000	6.3147	5.8439	2.300000e-03	4.438846e+02	1.979199e-09	32	2.300000e-03
pt6d14R03_08	4.5000	2.6471	2.2256	4.4487	7.8726	3.0000	2.126667e-03	4.076832e+02	3.042325e-09	30	2.126667e-03
pt6d14R03_02	3.4724	3.5970	2.1559	6.1891	8.0000	5.8564	2.331868e-03	4.657481e+02	2.863762e-09	34	2.331868e-03
pt6d14R03_04	4.2306	2.2730	4.5000	7.8667	6.4782	7.5715	2.271111e-03	4.285351e+02	2.066738e-09	20	2.271111e-03
pt6d14R03_03	2.7320	3.4059	3.0102	7.2764	7.7733	3.5156	2.307182e-03	4.478143e+02	1.652740e-09	32	2.307182e-03
pt6d14R03_09	4.1562	4.5000	4.2787	7.5228	8.0000	5.1517	2.254945e-03	5.269709e+02	9.422002e-10	31	2.254945e-03
pt6d14R03_06	2.7847	3.3450	3.7612	8.0000	7.2571	6.6668	2.205525e-03	4.623650e+02	1.289699e-09	28	2.205525e-03
pt6d14R03_05	4.3175	2.4571	3.3339	4.0402	7.3069	8.0000	2.297778e-03	4.202496e+02	2.102692e-09	26	2.297778e-03
pt6d14R03_07	2.0000	3.0818	3.7003	6.6553	6.3997	5.7800	2.079558e-03	4.134334e+02	1.366337e-09	25	2.079558e-03
pt6d15R00_00	3.6728	2.5044	2.6879	6.3121	7.7225	4.1221	2.213736e-03	4.105684e+02	2.507278e-09	27	2.213736e-03
pt6d15R00_03	3.9700	4.0434	3.6869	8.0000	6.2624	7.3694	2.273889e-03	4.800591e+02	1.235401e-09	32	2.273889e-03
pt6d15R00_06	3.0143	3.3432	2.7521	8.0000	8.0000	5.6836	2.333702e-03	4.640938e+02	1.974891e-09	33	2.333702e-03
pt6d15R00_02	3.4113	4.2466	4.4339	7.3896	8.0000	7.0663	2.251890e-03	5.238010e+02	9.270795e-10	30	2.251890e-03
pt6d15R00_04	3.6516	4.1089	2.0000	8.0000	5.5064	6.9472	2.201379e-03	4.429409e+02	3.273811e-09	34	2.201379e-03
pt6d15R00_07	4.0782	4.1234	2.0000	6.6509	7.8665	3.7510	2.263271e-03	4.818711e+02	3.096100e-09	34	2.263271e-03
pt6d15R00_08	4.0754	3.4526	2.7317	4.1040	6.0582	3.3362	2.091713e-03	3.921257e+02	1.939721e-09	32	2.091713e-03
pt6d15R00_09	2.0000	2.9009	4.0175	7.6413	7.4411	6.6407	2.206327e-03	4.397556e+02	1.362459e-09	22	2.206327e-03
pt6d15R01_00	2.6363	4.4942	2.7211	6.3645	8.0000	4.8768	2.419972e-03	4.963460e+02	1.879177e-09	34	2.419972e-03
pt6d15R01_03	2.4764	4.5000	2.0000	7.2520	7.9391	3.5460	2.314521e-03	4.869893e+02	3.083621e-09	34	2.314521e-03
pt6d15R01_01	4.5000	2.8949	4.4351	6.8812	6.6541	8.0000	2.227012e-03	4.561127e+02	1.459921e-09	23	2.227012e-03
pt6d15R01_02	3.9277	4.2670	2.5429	3.6503	7.0375	3.0000	2.199454e-03	4.406126e+02	2.026588e-09	34	2.199454e-03
pt6d15R01_07	4.4204	2.5751	4.5000	4.0408	7.7820	3.0000	2.210468e-03	4.143332e+02	1.906452e-09	21	2.210468e-03
pt6d15R01_08	4.5000	3.7349	2.5978	3.0000	8.0000	5.5178	2.277686e-03	4.603413e+02	2.149256e-09	33	2.277686e-03
pt6d15R01_04	3.2847	4.1988	4.5000	8.0000	7.4234	6.5814	2.254345e-03	5.086893e+02	9.154210e-10	30	2.254345e-03
pt6d15R01_09	3.3403	2.9131	2.0000	6.6787	7.1775	6.3310	2.230000e-03	4.218738e+02	3.312382e-09	33	2.230000e-03
pt6d15R01_06	2.3083	3.3507	3.4112	7.6256	7.2240	7.7421	2.309041e-03	4.595586e+02	1.430436e-09	32	2.309041e-03
pt6d15R02_00	2.5294	3.3015	2.2425	7.5951	8.0000	4.6016	2.308287e-03	4.467186e+02	2.640796e-09	33	2.308287e-03
pt6d15R02_02	3.5489	4.1957	4.4722	6.1174	8.0000	5.1325	2.187106e-03	5.042148e+02	9.325059e-10	28	2.187106e-03
pt6d15R02_07	2.4120	4.4817	3.7139	6.7762	8.0000	5.9134	2.268516e-03	5.095174e+02	1.137667e-09	33	2.268516e-03
pt6d15R02_09	4.3424	4.4385	3.9770	7.6740	7.3217	7.8381	2.330864e-03	5.251630e+02	1.079149e-09	32	2.330864e-03
pt6d15R02_06	4.4487	2.0000	2.5501	5.4672	7.3039	7.0321	2.172752e-03	3.894160e+02	3.422333e-09	26	2.172752e-03
pt6d15R02_08	4.5000	2.2199	3.8912	3.1756	7.0606	4.2488	2.151440e-03	3.820039e+02	2.466997e-09	22	2.151440e-03
pt6d15R03_00	2.8651	3.3892	3.5083	8.0000	7.9193	3.7072	2.282256e-03	4.583745e+02	1.385307e-09	29	2.282256e-03
pt6d15R03_01	3.8793	2.1836	4.2745	8.0000	6.4069	5.3682	2.223934e-03	4.035955e+02	2.378424e-09	20	2.223934e-03
pt6d15R03_03	4.5000	3.4618	3.4151	8.0000	7.0614	7.1299	2.307819e-03	4.775210e+02	1.523707e-09	30	2.307819e-03
pt6d15R03_02	3.6541	3.0864	3.6829	7.2621	7.3675	6.8094	2.258207e-03	4.582897e+02	1.490377e-09	27	2.258207e-03
pt6d15R03_05	4.5000	4.1497	4.0021	8.0000	8.0000	5.7247	2.343333e-03	5.199701e+02	1.099908e-09	30	2.343333e-03
pt6d15R03_07	4.5000	3.0664	2.0846	3.0000	6.6789	5.4402	2.189589e-03	3.967066e+02	3.135420e-09	33	2.189589e-03
pt6d15R03_06	2.4818	3.4748	4.0915	7.5354	7.3493	8.0000	2.237898e-03	4.759046e+02	1.122165e-09	29	2.237898e-03
pt6d15R03_09	4.5000	3.4703	2.0000	4.1839	8.0000	6.1680	2.329834e-03	4.538745e+02	3.240099e-09	33	2.329834e-03
pt6d16R00_01	4.0373	2.6848	4.5000	4.6250	6.6977	7.1038	2.209129e-03	4.267257e+02	1.595319e-09	21	2.209129e-03
pt6d16R00_02	2.3350	4.1453	2.3427	7.7352	8.0000	6.1178	2.274444e-03	4.889311e+02	2.489549e-09	34	2.274444e-03
pt6d16R00_06	4.0404	3.2989	3.5859	3.0795	6.8027	5.1188	2.161442e-03	4.189325e+02	1.475855e-09	27	2.161442e-03
pt6d16R00_03	4.5000	2.0455	4.5000	5.1392	7.6654	3.7220	2.195068e-03	3.995436e+02	2.654728e-09	20	2.195068e-03
pt6d16R00_04	3.9916	3.9297	4.5000	7.2676	7.3276	5.2705	2.252632e-03	4.897438e+02	1.013224e-09	27	2.252632e-03
pt6d16R00_07	3.7103	2.2205	3.7519	6.2922	7.5986	3.0000	2.260631e-03	3.967100e+02	2.469725e-09	21	2.260631e-03
pt6d16R00_08	2.0000	3.6986	2.9168	8.0000	7.7693	6.0961	2.281831e-03	4.689341e+02	1.735768e-09	33	2.281831e-03
pt6d16R01_01	4.1507	2.9451	2.2874	7.9712	6.0496	4.4074	2.225798e-03	4.114438e+02	2.720768e-09	32	2.225798e-03
pt6d16R01_00	2.5913	4.5000	3.2319	8.0000	8.0000	5.1803	2.228177e-03	5.089929e+02	1.399252e-09	33	2.228177e-03
pt6d16R01_02	3.3060	3.5056	2.9826	7.9939	8.0000	3.3383	2.291862e-03	4.651530e+02	1.676510e-09	32	2.291862e-03
pt6d16R01_03	2.2106	2.9715	2.9709	6.6210	7.1524	8.0000	2.252690e-03	4.338940e+02	1.822283e-09	32	2.252690e-03
pt6d16R01_07	3.8181	3.6408	3.1368	4.7269	7.1939	7.2352	2.280000e-03	4.612224e+02	1.626438e-09	33	2.280000e-03
pt6d16R01_04	2.5031	3.6770	2.1272	5.4231	8.0000	7.5804	2.333608e-03	4.648394e+02	2.968938e-09	34	2.333608e-03
pt6d16R01_05	4.0223	2.8255	4.3657	7.5060	6.7050	8.0000	2.315447e-03	4.532632e+02	1.488044e-09	22	2.315447e-03
pt6d16R01_08	2.6771	4.1046	4.4216	8.0000	6.8082	7.5139	2.190191e-03	4.913696e+02	9.290188e-10	31	2.190191e-03
pt6d16R01_06	3.9184	3.0166	2.7129	7.7154	8.0000	6.9032	2.331667e-03	4.592141e+02	2.160994e-09	31	2.331667e-03
pt6d16R01_09	2.8105	4.0243	2.6307	7.6720	8.0000	3.0000	2.308414e-03	4.761061e+02	1.905821e-09	33	2.308414e-03
pt6d16R02_02	2.7375	4.2200	2.5184	8.0000	7.4268	5.6261	2.347994e-03	4.834855e+02	2.180828e-09	34	2.347994e-03
pt6d16R02_05	3.5996	2.2630	3.1734	4.4280	6.9428	6.1975	2.172778e-03	3.894835e+02	2.380186e-09	24	2.172778e-03
pt6d16R02_01	4.2472	3.2030	4.0528	5.9808	6.9449	4.4154	2.219337e-03	4.391742e+02	1.433361e-09	23	2.219337e-03
pt6d16R02_06	3.7732	2.6497	2.2270	8.0000	7.9949	4.8516	2.166162e-03	4.291420e+02	2.938591e-09	31	2.166162e-03
pt6d16R02_09	2.7028	4.1828	2.1226	6.2298	7.4794	7.9339	2.297790e-03	4.810309e+02	2.987087e-09	34	2.297790e-03
pt6d16R02_04	4.3433	3.6237	2.7591	7.9113	8.0000	3.2905	2.200000e-03	4.783032e+02	1.889914e-09	32	2.200000e-03
pt6d16R02_03	3.9577	2.5149	2.7923	4.7764	7.1417	4.8853	2.240110e-03	3.985302e+02	2.455246e-09	27	2.240110e-03
pt6d16R02_07	4.3835	4.4535	2.9966	6.8295	7.9020	7.2513	2.364494e-03	5.208554e+02	1.668255e-09	33	2.364494e-03
pt6d16R02_08	2.8137	3.9382	2.3052	7.2161	8.0000	4.5346	2.322310e-03	4.751383e+02	2.481724e-09	34	2.322310e-03
pt6d16R03_01	3.1974	3.7651	2.0573	5.6987	7.6617	4.0282	2.188171e-03	4.521774e+02	2.968047e-09	34	2.188171e-03
pt6d16R03_03	3.4983	3.3443	2.4772	8.0000	8.0000	3.2297	2.359613e-03	4.571001e+02	2.243600e-09	33	2.359613e-03
pt6d16R03_06	2.6895	3.1198	3.1066	7.0403	8.0000	5.0015	2.248753e-03	4.468325e+02	1.679021e-09	31	2.248753e-03
pt6d16R03_00	4.2603	2.2392	4.2193	8.0000	7.4905	4.7278	2.235262e-03	4.240033e+02	2.313059e-09	21	2.235262e-03
pt6d16R03_09	2.6899	4.2443	2.0000	7.1008	6.9455	5.9909	2.258564e-03	4.655908e+02	3.219432e-09	34	2.258564e-03
pt6d16R03_04	4.5000	4.2494	4.5000	7.4956	7.9207	3.4960	2.230832e-03	5.090149e+02	9.584091e-10	26	2.230832e-03
pt6d17R00_00	3.8958	3.1614	3.1751	4.4459	8.0000	5.9976	2.265211e-03	4.509616e+02	1.720517e-09	30	2.265211e-03
pt6d17R00_09	3.2824	2.5612	2.0000	4.4792	8.0000	7.6502	2.215470e-03	4.081178e+02	3.468321e-09	33	2.215470e-03
pt6d17R00_05	2.6120	3.3649	4.5000	8.0000	7.7633	7.1635	2.171193e-03	4.801234e+02	1.085214e-09	23	2.171193e-03
pt6d17R00_07	4.0794	3.1858	3.4642	5.5627	8.0000	4.9708	2.323440e-03	4.568785e+02	1.586135e-09	28	2.323440e-03
pt6d17R00_03	2.9431	3.6886	2.1291	6.2619	6.6581	7.9289	2.310989e-03	4.464250e+02	2.967809e-09	34	2.310989e-03
pt6d17R00_02	4.4363	2.5483	2.8517	3.0000	7.4695	3.5107	2.190291e-03	3.906854e+02	2.498209e-09	26	2.190291e-03
pt6d17R00_08	4.3329	2.6844	2.5933	6.0012	6.1028	6.1432	2.207891e-03	3.996219e+02	2.512734e-09	29	2.207891e-03
pt6d17R01_00	3.7991	2.0000	4.0254	3.1429	7.4130	7.5949	2.129121e-03	3.995324e+02	2.345174e-09	21	2.129121e-03
pt6d17R01_01	2.0000	4.5000	2.6131	7.3586	8.0000	3.0000	2.211310e-03	4.846217e+02	1.935546e-09	34	2.211310e-03
pt6d17R01_02	2.0356	3.7535	4.1688	8.0000	8.0000	7.0798	2.273509e-03	4.925709e+02	1.030810e-09	30	2.273509e-03
pt6d17R01_03	3.8358	2.0349	2.5734	3.4213	7.9540	6.6508	2.173388e-03	3.832311e+02	3.144298e-09	26	2.173388e-03
pt6d17R01_05	3.1252	3.3647	2.3175	5.7092	7.4270	5.5600	2.240655e-03	4.395258e+02	2.548595e-09	33	2.240655e-03
pt6d17R01_04	2.7937	2.9763	4.2163	8.0000	7.8867	3.8873	2.261749e-03	4.437328e+02	1.449150e-09	21	2.261749e-03
pt6d17R01_07	3.4915	4.4759	4.4051	6.7906	8.0000	7.9517	2.334254e-03	5.357514e+02	9.114188e-10	32	2.334254e-03
pt6d17R01_08	2.4534	2.8664	2.5341	7.8452	7.3150	5.1279	2.237448e-03	4.195794e+02	2.275794e-09	32	2.237448e-03
pt6d17R01_09	3.2996	3.5038	2.6759	4.6882	7.6982	4.0477	2.233241e-03	4.422678e+02	2.001221e-09	33	2.233241e-03
pt6d17R02_00	4.5000	3.9196	2.0347	8.0000	6.6652	6.6604	2.321992e-03	4.707517e+02	3.166129e-09	34	2.321992e-03
pt6d17R02_01	4.0067	2.4834	3.8090	3.4636	8.0000	5.4404	2.306925e-03	4.194674e+02	1.952426e-09	23	2.306925e-03
pt6d17R02_04	4.5000	4.0010	4.2643	3.8303	7.9850	3.6953	2.221914e-03	4.778267e+02	1.067668e-09	28	2.221914e-03
pt6d17R02_07	2.2729	2.1355	3.3633	6.9874	7.4529	8.0000	2.201342e-03	4.053592e+02	2.117570e-09	23	2.201342e-03
pt6d17R02_02	2.1646	2.7426	2.0000	3.4547	7.8871	7.4156	2.279235e-03	4.070985e+02	3.329550e-09	33	2.279235e-03
pt6d17R02_03	3.0451	3.2274	2.0000	7.8149	6.3970	7.8661	2.227419e-03	4.303859e+02	3.299839e-09	34	2.227419e-03
pt6d17R02_05	3.1581	3.6667	3.3271	3.0000	7.9019	5.5391	2.234444e-03	4.569548e+02	1.442724e-09	32	2.234444e-03
pt6d17R02_06	4.5000	3.3963	2.0000	7.6136	5.8338	5.1495	2.245392e-03	4.235943e+02	3.229227e-09	33	2.245392e-03
pt6d17R02_08	3.9799	2.0000	2.0000	4.2964	7.3891	3.0000	2.061286e-03	3.579705e+02	4.258844e-09	27	2.061286e-03
pt6d17R02_09	2.0000	3.4865	2.5924	7.0453	7.7445	4.6636	2.271074e-03	4.459659e+02	2.078087e-09	33	2.271074e-03
pt6d17R03_00	2.0000	4.1893	2.9626	6.7920	8.0000	4.5009	2.259341e-03	4.799725e+02	1.605820e-09	33	2.259341e-03
pt6d17R03_01	4.4995	2.3191	2.8655	5.3001	6.4302	8.0000	2.197844e-03	3.996030e+02	2.616068e-09	27	2.197844e-03
pt6d17R03_02	4.5000	3.8106	2.4311	4.9344	8.0000	4.8900	2.302332e-03	4.721250e+02	2.349265e-09	33	2.302332e-03
pt6d17R03_05	4.5000	2.6761	4.3198	3.0507	8.0000	3.0000	2.242641e-03	4.164756e+02	1.825161e-09	22	2.242641e-03
pt6d17R03_04	3.0626	3.7400	3.3607	6.2190	7.6361	7.9806	2.286824e-03	4.839668e+02	1.438812e-09	33	2.286824e-03
pt6d17R03_03	2.9555	2.9952	4.0473	7.4245	7.5310	3.0000	2.238356e-03	4.308206e+02	1.504791e-09	21	2.238356e-03
pt6d17R03_06	3.5498	2.0698	3.3858	6.0718	6.7892	8.0000	2.201915e-03	3.988932e+02	2.444802e-09	23	2.201915e-03
pt6d17R03_07	3.8091	2.7341	3.8650	4.5160	7.2278	5.8798	2.216142e-03	4.238274e+02	1.700411e-09	24	2.216142e-03
pt6d17R03_08	2.9727	4.0759	2.2163	4.7703	7.6362	4.6405	2.239456e-03	4.602316e+02	2.665066e-09	34	2.239456e-03
pt6d17R03_09	3.8040	3.6237	3.3195	5.6297	7.0578	3.0000	2.247172e-03	4.377578e+02	1.440988e-09	30	2.247172e-03
pt6d18R00_04	4.5000	3.8559	2.0000	3.0000	7.0622	4.1390	2.209945e-03	4.280360e+02	3.129174e-09	34	2.209945e-03
pt6d18R00_06	2.4440	3.8496	3.7230	8.0000	7.5956	8.0000	2.380138e-03	4.936498e+02	1.203786e-09	32	2.380138e-03
pt6d18R00_05	4.5000	4.4264	2.6090	6.0092	6.9363	3.0000	2.200554e-03	4.668488e+02	1.935199e-09	33	2.200554e-03
pt6d18R00_02	3.5210	3.3119	2.4586	5.2737	7.3657	8.0000	2.323182e-03	4.487886e+02	2.424517e-09	33	2.323182e-03
pt6d18R00_01	4.5000	3.7641	3.1583	8.0000	7.2417	6.2422	2.314917e-03	4.856252e+02	1.602479e-09	32	2.314917e-03
pt6d18R01_00	3.5808	2.8967	4.0603	4.5947	7.5921	5.2837	2.213517e-03	4.345810e+02	1.520865e-09	24	2.213517e-03
pt6d18R01_01	4.3668	2.7766	4.2979	7.2799	6.1735	4.2892	2.100000e-03	4.154688e+02	1.765963e-09	21	2.100000e-03
pt6d18R01_04	3.3304	2.5832	2.7085	7.5810	6.9861	5.0456	2.253444e-03	4.095147e+02	2.331888e-09	28	2.253444e-03
pt6d18R01_07	4.4552	2.9860	4.3556	6.3528	7.6306	3.0303	2.276243e-03	4.427603e+02	1.580566e-09	22	2.276243e-03
pt6d18R01_05	4.1027	2.8567	3.0930	8.0000	6.4752	8.0000	2.286111e-03	4.399686e+02	1.924336e-09	29	2.286111e-03
pt6d18R01_02	3.1415	4.5000	3.0827	6.8759	6.9600	3.6361	2.223140e-03	4.716077e+02	1.471312e-09	33	2.223140e-03
pt6d18R01_08	2.1316	3.0757	2.0000	5.7861	7.0086	7.5714	2.212707e-03	4.179268e+02	3.280275e-09	34	2.212707e-03
pt6d18R01_06	4.5000	2.0000	3.6484	6.0240	6.3448	6.8634	2.171114e-03	3.929327e+02	2.807878e-09	22	2.171114e-03
pt6d18R02_00	4.5000	4.0269	4.5000	3.5236	7.8606	4.5417	2.221488e-03	4.807377e+02	1.014054e-09	26	2.221488e-03
pt6d18R02_01	4.2031	3.9023	3.8754	6.3207	8.0000	3.0000	2.251994e-03	4.825469e+02	1.178682e-09	28	2.251994e-03
pt6d18R02_04	3.5064	3.3926	2.0000	4.4392	6.0132	6.8956	2.169780e-03	4.052660e+02	3.253677e-09	34	2.169780e-03
pt6d18R02_02	2.7560	4.4287	2.0000	5.6948	6.5279	8.0000	2.297095e-03	4.642406e+02	3.296711e-09	34	2.297095e-03
pt6d18R02_08	2.6755	2.2729	3.9182	6.2060	6.1358	5.6316	2.121596e-03	3.788041e+02	2.148694e-09	19	2.121596e-03
pt6d18R02_03	2.4262	2.6761	3.5322	6.9234	7.5869	6.5488	2.206077e-03	4.289352e+02	1.655504e-09	25	2.206077e-03
pt6d18R02_05	3.6792	2.4062	2.0000	3.0000	8.0000	5.2800	2.186963e-03	3.868612e+02	3.541804e-09	31	2.186963e-03
pt6d18R02_07	3.7148	4.5000	2.5567	3.4126	8.0000	8.0000	2.346741e-03	5.001663e+02	2.177485e-09	34	2.346741e-03
