config	r0	r1	r2	t0	t1	t2	l0	l1	l2	N	mu_per_POT	edep_per_POT_MeV	peak_dose_Gy_per_POT	peak_plate_idx	obj
pt001	3.8683	3.3492	3.4669	7.8263	6.0352	4.3800	8.3263	6.5352	4.8800	33	2.161111e-03	4.218985e+02	1.526700e-09	24	2.161111e-03
pt002	3.8683	3.3492	3.4669	7.8263	6.0352	4.3800	8.3263	6.5352	4.8800	33	2.173913e-03	4.216728e+02	1.520510e-09	24	2.173913e-03
ptX01R00_00	2.0000	4.5416	4.5000	3.0000	8.0832	8.0000	4.5562	12.1239	12.0000	30	1.980000e-03	4.116224e+02	8.026597e-10	0	1.980000e-03
ptX01R00_01	4.5000	2.0000	2.0000	3.0000	3.0000	8.0000	12.0000	11.7088	11.2950	27	1.269565e-03	1.790325e+02	3.991139e-09	22	1.269565e-03
ptX02R00_02	4.0373	2.6888	2.6100	8.0000	5.5851	5.5562	8.6525	7.3232	6.0562	32	2.160000e-03	3.698971e+02	2.503050e-09	26	2.160000e-03
ptX02R00_01	3.8279	3.6931	3.9479	8.0000	5.4912	3.0102	8.8603	5.9912	6.9365	31	2.060000e-03	3.852546e+02	1.214337e-09	20	2.060000e-03
ptX02R00_00	3.7341	3.6545	3.8518	6.0398	6.9744	4.4891	7.4679	7.4744	5.3199	35	2.231111e-03	4.580979e+02	1.250612e-09	27	2.231111e-03
ptX02R00_03	4.0410	3.5740	4.1718	8.0000	4.3648	4.3590	10.2095	7.9884	4.8590	30	1.815556e-03	3.150525e+02	1.155832e-09	22	1.815556e-03
ptX02R01_02	3.9832	3.7325	2.0000	8.0000	5.2470	6.9230	8.5269	6.8184	7.4230	32	2.109890e-03	3.978554e+02	3.264185e-09	31	2.109890e-03
ptX02R01_00	3.7774	3.4591	4.0344	7.1449	7.2091	6.2353	7.6449	7.7091	6.7353	35	2.168889e-03	4.777439e+02	1.256993e-09	27	2.168889e-03
ptX02R01_03	3.8856	2.7719	3.2703	6.5319	6.7189	6.3379	7.7671	7.9901	6.8379	34	2.255556e-03	4.125056e+02	1.904367e-09	26	2.255556e-03
ptX05R00_03	3.7931	3.1103	2.9457	5.1806	6.7892	4.3519	6.1806	7.3020	5.3519	34	2.178022e-03	4.091559e+02	1.877304e-09	29	2.178022e-03
ptX05R00_00	3.7887	3.0741	3.3968	6.6472	6.7277	3.4906	7.6172	7.2277	4.4906	34	2.291111e-03	4.169877e+02	1.672121e-09	25	2.291111e-03
ptX05R00_04	2.5178	4.3838	4.4918	3.7868	7.8471	7.6200	4.7868	8.8471	8.6200	31	2.108889e-03	4.720618e+02	8.692282e-10	28	2.108889e-03
ptX05R00_01	3.8537	3.4082	2.2729	6.2449	6.6722	6.5851	7.2449	7.4920	7.0851	34	2.162637e-03	4.338903e+02	2.699094e-09	32	2.162637e-03
ptX05R00_05	3.7980	3.7407	3.6655	4.6921	6.5433	5.9854	5.6921	7.0433	6.4854	34	2.193333e-03	4.416950e+02	1.282451e-09	29	2.193333e-03
ptX05R00_02	3.8426	3.8000	2.6361	7.7872	6.9754	5.1678	8.2872	7.9197	5.6678	35	2.362637e-03	4.674795e+02	2.076162e-09	33	2.362637e-03
ptX05R00_09	3.8583	2.0908	3.2579	6.8896	6.7029	4.9244	7.6460	7.3883	5.9244	34	2.191111e-03	3.824551e+02	2.796393e-09	21	2.191111e-03
ptX05R00_07	3.8192	3.1707	2.8179	7.0100	6.8033	4.2224	7.5596	7.3033	5.2224	34	2.120000e-03	4.251590e+02	1.951110e-09	30	2.120000e-03
ptX05R01_01	3.8040	3.6216	2.6490	7.0235	7.0575	4.5417	7.6899	7.6327	5.5417	35	2.342857e-03	4.525515e+02	2.026226e-09	33	2.342857e-03
ptX05R01_00	3.7780	3.3410	3.1379	8.0000	7.1553	3.7662	8.5000	7.6553	4.7662	35	2.326667e-03	4.547722e+02	1.647524e-09	30	2.326667e-03
ptX05R01_04	3.8597	2.0000	3.8007	6.0095	6.3738	6.3210	7.0095	6.8738	6.8210	33	2.136264e-03	3.802521e+02	2.789748e-09	20	2.136264e-03
ptX05R01_02	3.8036	2.2651	2.9625	6.5518	7.1805	3.8389	7.1751	7.6805	4.8389	35	2.148387e-03	3.957609e+02	2.671640e-09	24	2.148387e-03
ptX05R01_03	3.8583	3.2943	2.5850	6.1024	6.2857	7.2109	7.1024	7.0049	7.7109	33	2.180220e-03	4.203010e+02	2.282209e-09	31	2.180220e-03
ptX05R01_06	3.8760	3.7482	2.9808	4.9884	6.3384	4.1293	5.9884	7.1982	5.1293	33	2.224444e-03	4.037723e+02	1.654691e-09	30	2.224444e-03
ptX05R01_05	3.8570	3.1758	3.3601	5.7397	6.7571	7.7577	6.7397	7.7518	8.2577	34	2.268889e-03	4.396251e+02	1.610081e-09	28	2.268889e-03
ptX05R01_09	3.8616	2.6806	2.9586	6.4772	7.1461	3.2243	7.4772	8.1461	4.2243	35	2.128889e-03	4.020252e+02	2.164319e-09	26	2.128889e-03
ptX05R01_07	3.7619	2.3995	2.7441	6.3967	6.7426	6.4866	7.3967	7.7426	6.9866	35	2.261538e-03	3.972992e+02	2.543988e-09	28	2.261538e-03
ptX05R02_01	3.5889	3.1833	3.3452	4.5476	6.8820	7.6270	5.5476	7.8820	8.1270	34	2.270330e-03	4.320934e+02	1.594914e-09	29	2.270330e-03
ptX05R01_08	4.0801	3.8760	3.2702	7.7416	5.8791	5.3122	8.2416	6.8791	6.3122	32	2.164444e-03	4.240786e+02	1.469918e-09	30	2.164444e-03
ptX05R02_07	3.8049	4.4918	3.2875	7.9896	7.8148	5.3524	8.7130	8.8148	6.0271	36	2.313333e-03	5.160493e+02	1.387084e-09	34	2.313333e-03
ptX05R02_04	3.8395	3.9307	2.8614	8.0000	7.2555	6.5327	8.5000	8.2555	7.0327	36	2.373333e-03	4.908743e+02	1.840810e-09	34	2.373333e-03
ptX05R02_02	3.8298	4.1221	2.5774	8.0000	6.8455	4.3962	8.5105	7.8455	5.3962	36	2.278723e-03	4.761446e+02	2.049408e-09	34	2.278723e-03
ptX05R02_03	3.7957	2.5443	3.7157	4.7813	6.7484	3.0000	5.7813	7.2484	4.0000	34	2.264444e-03	3.816666e+02	2.137812e-09	21	2.264444e-03
ptX05R02_00	3.8452	4.4808	2.5731	8.0000	7.4400	5.2386	8.9552	8.4400	5.7386	36	2.271739e-03	5.053289e+02	2.090104e-09	35	2.271739e-03
ptX05R02_06	3.5790	2.7832	4.1465	4.0796	6.6726	3.0000	5.0796	7.1789	4.0000	32	2.094624e-03	3.684239e+02	1.761636e-09	17	2.094624e-03
ptX05R02_09	3.8712	4.1666	2.4786	8.0000	7.1275	6.9852	8.8034	8.1275	7.4852	36	2.282222e-03	4.958006e+02	2.284135e-09	35	2.282222e-03
ptX05R02_05	3.7322	3.4726	3.4961	3.9059	7.1801	4.5145	4.9059	8.0867	5.0145	35	2.085714e-03	4.363829e+02	1.434988e-09	30	2.085714e-03
ptX05R02_08	3.9335	3.6684	3.3384	3.3654	7.2151	5.7726	4.3654	8.0969	6.2726	36	2.312088e-03	4.559170e+02	1.484968e-09	32	2.312088e-03
