config	extra_rOut_up	extra_rOut_dn	extra_halfThickness_up	extra_halfThickness_dn	extra_f_up	extra_f_dn	sob	calo	alpha	obj
foilsZ01R00_02	50.0000	50.0000	0.111254	0.209895	0.4300	0.4300	3.43000	2.35337e-05	100000.000	1.07663
foilsZ01R00_01	50.0000	50.0000	0.050000	0.258157	0.4300	0.4300	3.41000	2.36236e-05	100000.000	1.04764
foilsZ01R00_00	50.0000	50.0000	0.139599	0.257323	0.4300	0.4300	3.43000	2.30965e-05	100000.000	1.12035
foilsZ01R01_01	50.0000	250.0000	0.459247	0.885756	0.4300	0.0860	1.69000	5.80501e-06	100000.000	1.10950
foilsZ01R01_02	50.0000	250.0000	0.500619	1.000000	0.4300	0.0860	1.57000	5.48520e-06	100000.000	1.02148
foilsZ01R01_00	50.0000	250.0000	0.430249	1.000000	0.4300	0.0860	1.58000	5.59838e-06	100000.000	1.02016
foilsZ01R02_01	250.0000	50.0000	0.050000	1.000000	0.0860	0.4300	3.09000	1.98973e-05	100000.000	1.10027
foilsZ01R02_02	250.0000	80.7888	0.101509	1.000000	0.0860	0.2661	2.75000	1.60923e-05	100000.000	1.14077
foilsZ01R02_00	250.0000	50.0000	0.202171	1.000000	0.0860	0.4300	2.53000	1.21327e-05	100000.000	1.31673
foilsZ01R03_01	202.6545	50.0000	0.400926	0.509678	0.1061	0.4300	2.12000	8.36864e-06	100000.000	1.28314
foilsZ01R03_00	175.2063	50.0000	0.374804	0.474475	0.1227	0.4300	2.37000	9.61182e-06	100000.000	1.40882
foilsZ01R03_02	192.1121	50.0000	0.365754	0.420153	0.1119	0.4300	2.30000	9.03755e-06	100000.000	1.39624
foilsZ01R04_01	50.0000	205.0086	0.476049	0.050000	0.4300	0.1049	3.12000	1.92303e-05	100000.000	1.19697
foilsZ01R04_00	50.0000	250.0000	0.516143	0.050000	0.4300	0.0860	3.02000	1.90176e-05	100000.000	1.11824
foilsZ01R04_02	50.0000	250.0000	0.450831	0.050000	0.4300	0.0860	3.10000	1.89844e-05	100000.000	1.20156
foilsZ02R00_00	250.0000	126.3721	1.000000	0.996211	0.0860	0.1701	0.77900	1.29095e-06	100000.000	0.64991
foilsZ02R00_02	216.0181	204.7470	0.300454	0.364283	0.0995	0.1050	2.18000	5.00990e-06	100000.000	1.67901
foilsZ02R00_01	250.0000	250.0000	0.413663	0.635590	0.0860	0.0860	1.43000	1.99394e-06	100000.000	1.23061
foilsZ02R01_02	250.0000	250.0000	0.135072	0.260605	0.0860	0.0860	2.59000	8.25370e-06	100000.000	1.76463
foilsZ02R01_00	250.0000	250.0000	0.434755	0.458128	0.0860	0.0860	1.54000	2.05785e-06	100000.000	1.33421
foilsZ02R01_01	250.0000	250.0000	0.686948	0.601250	0.0860	0.0860	1.03000	1.25890e-06	100000.000	0.90411
foilsZ02R02_00	241.4480	250.0000	0.160451	0.228002	0.0890	0.0860	2.58000	7.74570e-06	100000.000	1.80543
foilsZ02R02_01	250.0000	250.0000	0.286228	0.432546	0.0860	0.0860	1.90000	4.00305e-06	100000.000	1.49969
foilsZ02R02_02	148.1184	146.2521	0.142432	0.231635	0.1452	0.1470	3.40000	1.38298e-05	100000.000	2.01702
foilsZ02R03_00	224.7493	250.0000	0.484088	0.202913	0.0957	0.0860	1.71000	4.35769e-06	100000.000	1.27423
foilsZ02R03_01	197.6225	224.6898	0.341927	0.131892	0.1088	0.0957	2.30000	7.41337e-06	100000.000	1.55866
foilsZ02R03_02	250.0000	250.0000	0.594813	0.441799	0.0860	0.0860	1.25000	2.03229e-06	100000.000	1.04677
foilsZ02R04_00	250.0000	197.3230	0.366727	0.646665	0.0860	0.1090	1.70000	3.19218e-06	100000.000	1.38078
foilsZ02R04_02	250.0000	250.0000	0.496795	0.714747	0.0860	0.0860	1.22000	1.48474e-06	100000.000	1.07153
foilsZ02R04_01	250.0000	50.0000	1.000000	1.000000	0.0860	0.4300	0.85400	1.45892e-06	100000.000	0.70811
foilsZ02R05_00	250.0000	250.0000	0.886720	0.926979	0.0860	0.0860	0.68800	1.14906e-06	100000.000	0.57309
foilsZ02R05_01	94.9250	141.8288	0.050000	0.050000	0.2265	0.1516	3.75000	2.16325e-05	100000.000	1.58675
foilsZ02R05_02	192.8987	215.6011	0.256715	0.318003	0.1115	0.0997	2.40000	7.13967e-06	100000.000	1.68603
foilsZ02R06_00	250.0000	211.4235	0.374063	0.497460	0.0860	0.1017	1.75000	3.40845e-06	100000.000	1.40916
foilsZ02R06_01	176.0167	152.2957	0.199953	0.297767	0.1221	0.1412	2.96000	1.06599e-05	100000.000	1.89401
foilsZ02R06_02	218.9668	179.4318	0.345280	0.446175	0.0982	0.1198	2.06000	5.17690e-06	100000.000	1.54231
foilsZ02R07_00	164.2944	232.4453	0.142498	0.317176	0.1309	0.0925	2.70000	9.26672e-06	100000.000	1.77333
foilsZ02R07_01	250.0000	206.7993	0.304193	0.416512	0.0860	0.1040	2.01000	4.40968e-06	100000.000	1.56903
foilsZ02R07_02	136.8624	115.7592	0.050000	0.119069	0.1571	0.1857	3.87000	2.05018e-05	100000.000	1.81982
foilsZ02R08_01	250.0000	250.0000	0.713540	0.738203	0.0860	0.0860	0.93000	1.18182e-06	100000.000	0.81182
foilsZ02R08_00	59.4458	93.0932	0.050000	0.551704	0.3617	0.2310	3.29000	2.24191e-05	100000.000	1.04809
foilsZ02R08_02	180.3560	188.1743	0.164896	0.338827	0.1192	0.1143	2.80000	9.27950e-06	100000.000	1.87205
foilsZ02R09_00	153.1782	227.7733	0.242337	0.440270	0.1404	0.0944	2.32000	8.01585e-06	100000.000	1.51842
foilsZ02R09_01	250.0000	243.3589	0.469534	0.601039	0.0860	0.0883	1.37000	1.72585e-06	100000.000	1.19741
foilsZ02R09_02	104.1635	225.9253	0.182480	0.183933	0.2064	0.0952	3.14000	1.19167e-05	100000.000	1.94833
foilsZ03R00_00	250.0000	179.5112	0.221266	0.424083	0.0860	0.1198	2.37000	6.80833e-06	100000.000	1.68917
foilsZ03R00_01	160.5293	116.7041	0.050000	0.143521	0.1339	0.1842	3.82000	1.88885e-05	100000.000	1.93115
foilsZ03R00_03	250.0000	250.0000	1.000000	0.715465	0.0860	0.0860	0.66100	8.95366e-07	100000.000	0.57146
foilsZ03R00_02	250.0000	245.2369	0.363884	0.488062	0.0860	0.0877	1.67000	2.79725e-06	100000.000	1.39028
foilsZ03R00_05	219.9637	163.6882	0.128439	0.243356	0.0977	0.1313	3.09000	1.09742e-05	100000.000	1.99258
foilsZ03R00_08	250.0000	250.0000	0.558377	0.691673	0.0860	0.0860	1.15000	1.63606e-06	100000.000	0.98639
foilsZ03R00_06	250.0000	170.6347	0.161284	0.336453	0.0860	0.1260	2.74000	8.57651e-06	100000.000	1.88235
foilsZ03R00_07	223.7861	152.8015	0.097112	0.169558	0.0961	0.1407	3.36000	1.42480e-05	100000.000	1.93520
foilsZ03R00_04	174.7576	134.1769	0.084692	0.171453	0.1230	0.1602	3.62000	1.63272e-05	100000.000	1.98728
foilsZ03R00_09	152.8281	107.0382	0.050000	0.145131	0.1407	0.2009	3.82000	2.03868e-05	100000.000	1.78132
foilsZ03R01_00	229.9942	231.5411	0.227793	0.342994	0.0935	0.0929	2.28000	5.69074e-06	100000.000	1.71093
foilsZ03R01_01	250.0000	250.0000	0.309856	0.479847	0.0860	0.0860	1.79000	3.51978e-06	100000.000	1.43802
foilsZ06R00_01	250.0000	179.6977	1.000000	0.854217	0.0860	0.1196	0.71700	1.16787e-06	100000.000	0.60021
foilsZ06R00_03	236.6303	240.5127	0.184883	0.255337	0.0909	0.0894	2.50000	6.95323e-06	100000.000	1.80468
foilsZ06R00_00	162.5703	130.2937	0.067416	0.180665	0.1323	0.1650	3.71000	1.75347e-05	100000.000	1.95653
foilsZ06R00_05	241.5106	241.6646	0.255334	0.365958	0.0890	0.0890	2.11000	4.79152e-06	100000.000	1.63085
foilsZ06R00_02	250.0000	250.0000	0.798268	0.742419	0.0860	0.0860	0.83500	1.09922e-06	100000.000	0.72508
foilsZ06R00_08	250.0000	128.9847	1.000000	0.526708	0.0860	0.1667	0.84500	1.24605e-06	100000.000	0.72039
foilsZ06R00_07	199.1271	131.5031	0.086704	0.240408	0.1080	0.1635	3.48000	1.53891e-05	100000.000	1.94109
foilsZ06R00_06	250.0000	250.0000	0.417737	0.554956	0.0860	0.0860	1.49000	2.05785e-06	100000.000	1.28421
foilsZ06R00_04	250.0000	182.9735	0.131833	0.257777	0.0860	0.1175	2.90000	9.89135e-06	100000.000	1.91086
foilsZ06R00_09	228.7400	250.0000	0.150255	0.203585	0.0940	0.0860	2.69000	8.71711e-06	100000.000	1.81829
foilsf01R00_01	250.0000	130.6645	0.196300	0.050000	0.0860	0.1645	2.67000	1.23205e-05	100000.000	1.43795
foilsf01R00_02	248.3219	90.7129	0.050000	0.050000	0.0866	0.2370	3.39000	2.04378e-05	100000.000	1.34622
foilsf01R00_00	50.0000	250.0000	1.000000	0.050000	0.4300	0.0860	2.47000	1.93920e-05	100000.000	0.53080
foilsf01R00_04	250.0000	250.0000	0.892592	0.423958	0.0860	0.0860	0.86400	1.04810e-06	100000.000	0.75919
foilsf01R00_03	50.0000	74.2329	1.000000	0.050000	0.4300	0.2896	2.33000	2.31612e-05	100000.000	0.01388
foilsf01R00_05	116.1800	250.0000	1.000000	0.219570	0.1851	0.0860	1.52000	9.01239e-06	100000.000	0.61876
foilsf01R00_06	250.0000	184.0353	0.281510	0.050000	0.0860	0.1168	2.28000	9.10109e-06	100000.000	1.36989
foilsf01R00_08	50.0000	50.0000	1.000000	0.737840	0.4300	0.4300	2.33000	2.32126e-05	100000.000	0.00874
foilsf01R00_07	50.0000	250.0000	1.000000	0.050000	0.4300	0.0860	2.48000	1.94872e-05	100000.000	0.53128
foilsf01R00_09	50.0000	50.0000	1.000000	0.050000	0.4300	0.4300	2.25000	2.35880e-05	100000.000	-0.10880
foilsf01R01_00	250.0000	218.8916	0.944726	0.633585	0.0860	0.0982	0.77300	1.14329e-06	100000.000	0.65867
foilsf01R01_01	101.9228	250.0000	0.050000	0.050000	0.2109	0.0860	3.58000	1.94026e-05	100000.000	1.63974
foilsf01R01_02	147.9627	248.2974	0.050000	0.050000	0.1453	0.0866	3.54000	1.76132e-05	100000.000	1.77868
foilsf01R01_03	147.4490	111.8424	0.050000	0.050000	0.1458	0.1922	3.71000	2.06819e-05	100000.000	1.64181
foilsf01R01_05	250.0000	250.0000	0.676232	0.561617	0.0860	0.0860	1.07000	1.46989e-06	100000.000	0.92301
foilsf01R01_04	140.2510	188.0210	0.050000	0.050000	0.1533	0.1143	3.66000	1.87763e-05	100000.000	1.78237
foilsf01R01_08	50.0000	250.0000	0.050000	0.050000	0.4300	0.0860	3.46000	1.99472e-05	100000.000	1.46528
foilsf01R01_06	250.0000	250.0000	0.852882	0.596842	0.0860	0.0860	0.83600	1.15613e-06	100000.000	0.72039
foilsf01R01_07	250.0000	163.6629	0.832154	0.588407	0.0860	0.1314	0.99000	1.44601e-06	100000.000	0.84540
foilsf01R01_09	149.1667	250.0000	0.050000	0.324149	0.1441	0.0860	2.72000	1.00847e-05	100000.000	1.71153
foilsf01R02_00	132.0005	98.1587	0.050000	0.208967	0.1629	0.2190	3.82000	1.92492e-05	100000.000	1.89508
foilsf01R02_01	159.8481	136.3697	0.137136	0.315120	0.1345	0.1577	3.31000	1.32723e-05	100000.000	1.98277
foilsf01R02_02	250.0000	250.0000	1.000000	0.050000	0.0860	0.0860	0.84900	1.37649e-06	100000.000	0.71135
foilsf01R02_06	250.0000	250.0000	1.000000	1.000000	0.0860	0.0860	0.58500	7.40360e-07	100000.000	0.51096
foilsf01R02_03	250.0000	50.0000	1.000000	0.050000	0.0860	0.4300	0.84900	1.63143e-06	100000.000	0.68586
foilsf01R02_05	174.7611	149.3302	0.165206	0.336300	0.1230	0.1440	3.06000	1.17847e-05	100000.000	1.88153
foilsf01R02_09	250.0000	50.0000	1.000000	0.050000	0.0860	0.4300	0.84900	1.60423e-06	100000.000	0.68858
foilsf01R02_07	153.4936	128.9988	0.104111	0.282880	0.1401	0.1667	3.50000	1.55975e-05	100000.000	1.94025
foilsf01R02_08	250.0000	50.0000	1.000000	0.050000	0.0860	0.4300	0.85000	1.62327e-06	100000.000	0.68767
foilsf01R02_04	155.5358	119.4009	0.050000	0.273248	0.1382	0.1801	3.67000	1.80870e-05	100000.000	1.86130
foilsf01R03_01	121.3830	133.1013	0.050000	0.157303	0.1771	0.1615	3.82000	1.93791e-05	100000.000	1.88209
foilsf01R03_00	137.6166	164.0579	0.167687	0.316051	0.1562	0.1311	3.12000	1.19253e-05	100000.000	1.92747
foilsf01R03_04	250.0000	250.0000	1.000000	0.495168	0.0860	0.0860	0.73300	8.94718e-07	100000.000	0.64353
foilsf01R03_02	126.7357	156.1032	0.050000	0.270778	0.1696	0.1377	3.50000	1.70552e-05	100000.000	1.79448
foilsf01R03_05	250.0000	250.0000	0.339134	0.367407	0.0860	0.0860	1.84000	3.59165e-06	100000.000	1.48083
foilsf01R03_06	132.7996	163.6353	0.227380	0.427372	0.1619	0.1314	2.80000	1.21651e-05	100000.000	1.58349
foilsf01R03_03	250.0000	50.0000	1.000000	0.567391	0.0860	0.4300	0.86100	1.61858e-06	100000.000	0.69914
foilsf01R03_07	250.0000	250.0000	0.115882	1.000000	0.0860	0.0860	1.57000	3.64084e-06	100000.000	1.20592
foilsf01R03_09	250.0000	250.0000	1.000000	1.000000	0.0860	0.0860	0.58700	8.09292e-07	100000.000	0.50607
foilsf01R03_08	101.4140	118.3005	0.050000	1.000000	0.2120	0.1817	2.80000	1.96838e-05	100000.000	0.83162
foilsf01R04_00	158.9407	156.7002	0.177268	0.216625	0.1353	0.1372	3.19000	1.23706e-05	100000.000	1.95294
foilsf01R04_01	250.0000	250.0000	0.277208	0.388027	0.0860	0.0860	1.98000	4.32021e-06	100000.000	1.54798
foilsf01R04_05	250.0000	66.4516	0.457922	1.000000	0.0860	0.3235	1.71000	5.53447e-06	100000.000	1.15655
foilsf01R04_03	250.0000	250.0000	0.737797	0.476553	0.0860	0.0860	1.03000	1.23321e-06	100000.000	0.90668
foilsf01R04_02	250.0000	250.0000	0.564178	1.000000	0.0860	0.0860	0.97600	1.31651e-06	100000.000	0.84435
foilsf01R04_08	211.8478	182.3653	0.170407	0.248775	0.1015	0.1179	2.85000	9.47272e-06	100000.000	1.90273
foilsf01R04_04	250.0000	126.0854	0.480304	1.000000	0.0860	0.1705	1.53000	4.12354e-06	100000.000	1.11765
foilsf01R04_09	250.0000	140.0491	0.570012	1.000000	0.0860	0.1535	1.31000	3.11873e-06	100000.000	0.99813
foilsf01R04_07	141.7674	141.3035	0.130291	0.196766	0.1517	0.1522	3.54000	1.50023e-05	100000.000	2.03977
foilsf01R04_06	250.0000	231.4982	0.050000	0.355282	0.0860	0.0929	2.68000	9.68582e-06	100000.000	1.71142
foilsf02R00_00	131.3758	150.7043	0.184260	0.228137	0.1637	0.1427	3.30000	1.40930e-05	100000.000	1.89070
foilsf02R00_03	118.5407	119.5287	0.050000	0.109321	0.1814	0.1799	3.88000	2.15691e-05	100000.000	1.72309
foilsf02R00_05	132.6672	132.2335	0.050000	0.187893	0.1621	0.1626	3.78000	1.88776e-05	100000.000	1.89224
foilsf02R00_02	50.0000	250.0000	0.050000	1.000000	0.4300	0.0860	1.69000	5.27244e-06	100000.000	1.16276
foilsf02R00_07	250.0000	250.0000	0.481453	0.639940	0.0860	0.0860	1.31000	1.85434e-06	100000.000	1.12457
foilsf02R00_04	118.8871	134.4805	0.107406	0.182202	0.1808	0.1599	3.71000	1.78552e-05	100000.000	1.92448
foilsf02R00_09	250.0000	250.0000	0.378015	0.513873	0.0860	0.0860	1.60000	2.51760e-06	100000.000	1.34824
foilsf02R00_08	250.0000	170.9039	0.101538	0.297627	0.0860	0.1258	3.01000	1.13600e-05	100000.000	1.87400
foilsf02R00_06	128.7619	250.0000	0.107079	0.133612	0.1670	0.0860	3.26000	1.35289e-05	100000.000	1.90711
foilsf02R01_00	50.0000	250.0000	0.050000	0.131413	0.4300	0.0860	3.22000	1.64547e-05	100000.000	1.57453
foilsf02R01_01	95.4300	128.3509	0.050000	0.099604	0.2253	0.1675	3.85000	2.15691e-05	100000.000	1.69309
foilsf02R01_05	239.0271	221.0381	0.244586	0.367909	0.0899	0.0973	2.21000	4.72656e-06	100000.000	1.73734
foilsf02R01_03	50.0000	250.0000	0.050000	0.263556	0.4300	0.0860	2.83000	1.21426e-05	100000.000	1.61574
foilsf02R01_04	231.7080	211.3422	0.221954	0.335350	0.0928	0.1017	2.37000	5.88894e-06	100000.000	1.78111
foilsf02R01_06	249.6164	250.0000	0.335700	0.469512	0.0861	0.0860	1.75000	3.19218e-06	100000.000	1.43078
foilsf02R01_09	250.0000	250.0000	0.500878	1.000000	0.0860	0.0860	1.06000	1.51056e-06	100000.000	0.90894
foilsf02R01_02	223.2699	195.0132	0.187446	0.302145	0.0963	0.1102	2.63000	7.74807e-06	100000.000	1.85519
foilsf02R01_08	250.0000	250.0000	1.000000	1.000000	0.0860	0.0860	0.59100	7.98855e-07	100000.000	0.51111
foilsf02R01_07	197.7871	163.5922	0.105623	0.243013	0.1087	0.1314	3.25000	1.21588e-05	100000.000	2.03412
foilsf03R00_00	233.3795	198.7617	0.210197	0.331979	0.0921	0.1082	2.47000	6.88933e-06	100000.000	1.78107
foilsf03R00_01	226.4954	188.7874	0.159537	0.277469	0.0949	0.1139	2.78000	8.93439e-06	100000.000	1.88656
foilsf03R00_05	200.7941	163.8080	0.127350	0.248794	0.1071	0.1313	3.14000	1.13044e-05	100000.000	2.00956
foilsf03R00_02	210.7215	176.4397	0.136757	0.256266	0.1020	0.1219	3.01000	9.90580e-06	100000.000	2.01942
foilsf03R00_04	240.9997	221.8842	0.273305	0.414120	0.0892	0.0969	2.07000	4.24765e-06	100000.000	1.64524
foilsf03R00_08	169.3262	150.5135	0.054893	0.193893	0.1270	0.1428	3.60000	1.64117e-05	100000.000	1.95883
foilsf03R00_06	230.2186	200.2158	0.193149	0.310896	0.0934	0.1074	2.56000	7.33668e-06	100000.000	1.82633
foilsf03R00_09	250.0000	191.7091	1.000000	0.425414	0.0860	0.1121	0.80800	1.20148e-06	100000.000	0.68785
foilsf03R00_07	177.2923	142.0286	0.108516	0.227380	0.1213	0.1514	3.43000	1.45072e-05	100000.000	1.97928
foilsf03R00_03	242.2404	223.9210	0.292793	0.446235	0.0888	0.0960	1.97000	3.84729e-06	100000.000	1.58527
foilsf03R01_00	204.8392	181.1729	0.119401	0.253578	0.1050	0.1187	3.06000	1.13396e-05	100000.000	1.92604
foilsf03R01_02	250.0000	250.0000	0.653059	0.563396	0.0860	0.0860	1.09000	1.55436e-06	100000.000	0.93456
foilsf03R01_04	187.9854	160.9587	0.094565	0.222475	0.1144	0.1336	3.35000	1.35230e-05	100000.000	1.99770
foilsf03R01_01	209.7206	185.2403	0.140150	0.270097	0.1025	0.1161	2.93000	9.73720e-06	100000.000	1.95628
foilsf03R01_03	222.3987	220.7848	0.334043	0.550837	0.0967	0.0974	1.82000	3.60970e-06	100000.000	1.45903
foilsf03R01_06	248.3204	219.6773	0.243397	0.408803	0.0866	0.0979	2.15000	4.78990e-06	100000.000	1.67101
foilsf03R01_05	250.0000	250.0000	0.582660	0.558296	0.0860	0.0860	1.20000	1.80222e-06	100000.000	1.01978
foilsf03R01_07	220.8571	196.2223	0.168556	0.294108	0.0973	0.1096	2.72000	8.23140e-06	100000.000	1.89686
foilsf03R01_09	120.6208	114.6213	0.050000	0.135903	0.1782	0.1876	3.89000	2.03101e-05	100000.000	1.85899
foilsf03R01_08	230.5621	207.7613	0.221918	0.401137	0.0933	0.1035	2.31000	5.74212e-06	100000.000	1.73579
foilsf04R00_00	212.2457	190.9327	0.154316	0.258855	0.1013	0.1126	2.85000	9.43288e-06	100000.000	1.90671
foilsf04R00_03	250.0000	231.2413	0.320210	0.487672	0.0860	0.0930	1.82000	3.14429e-06	100000.000	1.50557
foilsf04R00_01	250.0000	250.0000	1.000000	0.479738	0.0860	0.0860	0.73500	1.07366e-06	100000.000	0.62763
foilsf04R00_02	141.6120	128.8663	0.108613	0.192423	0.1518	0.1668	3.68000	1.63580e-05	100000.000	2.04420
foilsf04R00_04	149.5907	124.2210	0.126384	0.205026	0.1437	0.1731	3.57000	1.62372e-05	100000.000	1.94628
foilsf04R00_05	250.0000	250.0000	0.382977	0.574849	0.0860	0.0860	1.54000	2.41432e-06	100000.000	1.29857
foilsf04R00_06	250.0000	67.2501	1.000000	0.704737	0.0860	0.3197	0.85400	1.63143e-06	100000.000	0.69086
foilsf04R00_07	250.0000	250.0000	0.814183	1.000000	0.0860	0.0860	0.72600	8.77934e-07	100000.000	0.63821
foilsf04R00_09	250.0000	250.0000	0.828449	0.468789	0.0860	0.0860	0.91500	1.10687e-06	100000.000	0.80431
foilsf04R00_08	141.5880	137.9538	0.062057	0.170879	0.1518	0.1558	3.76000	1.87507e-05	100000.000	1.88493
foilsf05R00_01	249.3241	237.2961	0.837182	0.464028	0.0862	0.0906	0.91700	1.27148e-06	100000.000	0.78985
foilsf05R00_02	136.9594	124.3820	0.083791	0.177059	0.1570	0.1729	3.77000	1.81711e-05	100000.000	1.95289
foilsf05R00_00	142.4287	128.5922	0.108856	0.192925	0.1510	0.1672	3.67000	1.65523e-05	100000.000	2.01477
foilsf05R00_03	243.6513	201.5317	0.241684	0.394419	0.0882	0.1067	2.25000	5.87957e-06	100000.000	1.66204
foilsf05R00_05	250.0000	223.2367	0.328855	0.494219	0.0860	0.0963	1.82000	3.18264e-06	100000.000	1.50174
foilsf05R00_06	250.0000	250.0000	1.000000	1.000000	0.0860	0.0860	0.58700	8.18028e-07	100000.000	0.50520
foilsf05R00_07	220.6535	250.0000	1.000000	1.000000	0.0974	0.0860	0.64300	1.79843e-06	100000.000	0.46316
foilsf05R00_08	250.0000	250.0000	0.915838	0.493940	0.0860	0.0860	0.80500	1.14906e-06	100000.000	0.69009
foilsf05R00_04	180.9892	144.3863	0.137455	0.235223	0.1188	0.1489	3.29000	1.28202e-05	100000.000	2.00798
foilsf05R00_09	219.2252	194.7324	0.147545	0.251124	0.0981	0.1104	2.87000	9.18483e-06	100000.000	1.95152
foilsf04R01_00	250.0000	82.7997	0.126424	0.242064	0.0860	0.2597	3.18000	1.53380e-05	100000.000	1.64620
foilsf04R01_03	140.4874	99.5231	0.192206	0.185742	0.1530	0.2160	3.41000	1.52864e-05	100000.000	1.88136
foilsf04R01_02	250.0000	250.0000	1.000000	1.000000	0.0860	0.0860	0.58700	8.26290e-07	100000.000	0.50437
foilsf04R01_01	240.5137	220.3121	0.228966	0.366506	0.0894	0.0976	2.26000	5.44727e-06	100000.000	1.71527
foilsf04R01_05	234.3997	206.5044	0.207659	0.345404	0.0917	0.1041	2.42000	6.41640e-06	100000.000	1.77836
foilsf04R01_04	250.0000	50.0000	0.196272	0.130715	0.0860	0.4300	2.63000	1.27175e-05	100000.000	1.35825
foilsf04R01_07	250.0000	250.0000	0.050000	1.000000	0.0860	0.0860	1.63000	4.61168e-06	100000.000	1.16883
foilsf04R01_06	250.0000	225.8005	0.309741	0.471293	0.0860	0.0952	1.87000	3.79616e-06	100000.000	1.49038
foilsf04R01_08	250.0000	222.3120	0.299000	0.458145	0.0860	0.0967	1.93000	3.89906e-06	100000.000	1.54009
foilsf04R01_09	50.0000	250.0000	1.000000	1.000000	0.4300	0.0860	1.45000	5.59838e-06	100000.000	0.89016
foilsf05R01_00	250.0000	50.0000	0.050000	0.178895	0.0860	0.4300	3.34000	1.99369e-05	100000.000	1.34631
foilsf05R01_03	160.5946	250.0000	0.062190	0.075100	0.1339	0.0860	3.44000	1.59004e-05	100000.000	1.84996
foilsf05R01_01	250.0000	236.0583	0.342571	0.525721	0.0860	0.0911	1.72000	2.85031e-06	100000.000	1.43497
foilsf05R01_07	159.3479	225.7925	0.050000	0.050000	0.1349	0.0952	3.55000	1.76059e-05	100000.000	1.78941
foilsf05R01_04	226.9769	214.7104	0.200618	0.343825	0.0947	0.1001	2.44000	6.37806e-06	100000.000	1.80219
foilsf05R01_05	250.0000	250.0000	0.605249	0.694997	0.0860	0.0860	1.09000	1.21426e-06	100000.000	0.96857
foilsf05R01_02	250.0000	250.0000	0.661704	0.762445	0.0860	0.0860	0.98300	1.14329e-06	100000.000	0.86867
foilsf05R01_06	250.0000	250.0000	0.885478	1.000000	0.0860	0.0860	0.67500	1.04577e-06	100000.000	0.57042
foilsf05R01_08	246.0885	230.1750	0.301570	0.484847	0.0874	0.0934	1.88000	3.75781e-06	100000.000	1.50422
foilsf05R01_09	238.8487	224.4875	0.270207	0.457661	0.0900	0.0958	2.02000	4.01345e-06	100000.000	1.61866
foilsf06R00_01	142.1414	113.7272	0.010000	0.141897	0.1513	0.1890	3.78000	2.17088e-05	100000.000	1.60912
foilsf06R00_00	250.0000	250.0000	0.743607	0.760892	0.0860	0.0860	0.88300	1.27817e-06	100000.000	0.75518
foilsf06R00_03	191.6318	250.0000	0.196755	0.153928	0.1122	0.0860	2.74000	1.02253e-05	100000.000	1.71747
foilsf06R00_06	200.5097	172.2529	0.111477	0.226744	0.1072	0.1248	3.20000	1.17336e-05	100000.000	2.02664
foilsf06R00_07	137.0229	110.1094	0.010000	0.133070	0.1569	0.1953	3.79000	2.28383e-05	100000.000	1.50617
foilsf06R00_02	181.4384	250.0000	0.141607	0.105497	0.1185	0.0860	3.08000	1.23854e-05	100000.000	1.84146
foilsf06R00_05	250.0000	250.0000	0.810272	0.858545	0.0860	0.0860	0.78100	9.21319e-07	100000.000	0.68887
foilsf06R00_04	220.8116	213.5962	0.183267	0.335743	0.0974	0.1007	2.51000	6.78264e-06	100000.000	1.83174
foilsf06R00_08	250.0000	250.0000	1.000000	1.000000	0.0860	0.0860	0.58900	8.30485e-07	100000.000	0.50595
foilsf06R00_09	250.0000	242.7487	0.362519	0.536287	0.0860	0.0886	1.63000	2.39017e-06	100000.000	1.39098
foilsf06R01_01	164.5586	149.9095	0.098798	0.191902	0.1307	0.1434	3.52000	1.45577e-05	100000.000	2.06423
foilsf06R01_02	192.5305	182.3730	0.126505	0.234683	0.1117	0.1179	3.09000	1.05094e-05	100000.000	2.03906
foilsf06R01_04	119.4006	120.8170	0.085737	0.144479	0.1801	0.1780	3.85000	1.93996e-05	100000.000	1.91004
foilsf06R01_03	244.3496	233.0499	0.325271	0.521925	0.0880	0.0923	1.78000	3.39554e-06	100000.000	1.44045
foilsf06R01_00	97.5838	122.9101	0.078083	0.097707	0.2203	0.1749	3.86000	2.12422e-05	100000.000	1.73578
foilsf06R01_05	72.7857	146.4340	0.109062	0.010000	0.2954	0.1468	3.46000	2.22657e-05	100000.000	1.23343
foilsf06R01_06	228.2492	210.4120	0.250023	0.441537	0.0942	0.1022	2.17000	5.21493e-06	100000.000	1.64851
foilsf06R01_07	205.1951	188.1859	0.136157	0.257336	0.1048	0.1142	2.96000	9.84903e-06	100000.000	1.97510
foilsf06R01_09	250.0000	162.4245	0.728760	0.010000	0.0860	0.1324	1.19000	2.77582e-06	100000.000	0.91242
foilsf06R01_08	250.0000	250.0000	0.423984	0.613821	0.0860	0.0860	1.43000	2.05785e-06	100000.000	1.22421
foilsf06R02_00	169.6476	145.7594	0.010000	1.000000	0.1267	0.1475	2.44000	1.48907e-05	100000.000	0.95093
foilsf06R02_01	174.7364	185.2643	0.091100	0.149983	0.1230	0.1161	3.41000	1.41110e-05	100000.000	1.99890
foilsf06R02_02	146.9358	136.3413	0.104732	0.173535	0.1463	0.1577	3.65000	1.62249e-05	100000.000	2.02751
foilsf06R02_06	226.4314	220.1591	0.135521	0.262477	0.0950	0.0977	2.74000	8.80658e-06	100000.000	1.85934
foilsf06R02_03	97.5517	122.2799	0.055494	0.130229	0.2204	0.1758	3.87000	2.13201e-05	100000.000	1.73799
foilsf06R02_05	247.4073	228.2569	0.267880	0.611091	0.0869	0.0942	1.82000	3.52465e-06	100000.000	1.46754
foilsf06R02_04	218.6073	170.0931	0.110773	0.583064	0.0983	0.1264	2.60000	9.98127e-06	100000.000	1.60187
foilsf06R02_08	134.2631	115.9349	0.086962	0.166571	0.1601	0.1854	3.81000	1.88193e-05	100000.000	1.92807
foilsf06R02_09	191.2356	180.0416	0.097447	0.175350	0.1124	0.1194	3.32000	1.26138e-05	100000.000	2.05862
foilsf06R02_07	250.0000	250.0000	0.512709	0.640560	0.0860	0.0860	1.26000	1.84056e-06	100000.000	1.07594
foilsf06R03_00	179.5303	158.6547	0.097278	0.164915	0.1198	0.1355	3.47000	1.43410e-05	100000.000	2.03590
foilsf06R03_01	250.0000	250.0000	0.468342	0.621228	0.0860	0.0860	1.34000	1.81500e-06	100000.000	1.15850
foilsf06R03_03	195.4589	176.4515	0.113568	0.182548	0.1100	0.1218	3.25000	1.32982e-05	100000.000	1.92018
foilsf06R03_06	228.0962	227.3118	0.201095	0.362607	0.0943	0.0946	2.35000	6.12242e-06	100000.000	1.73776
foilsf06R03_02	243.3379	227.6381	0.247716	0.420954	0.0884	0.0944	2.11000	4.80591e-06	100000.000	1.62941
foilsf06R03_04	250.0000	250.0000	0.543996	0.667269	0.0860	0.0860	1.19000	1.73883e-06	100000.000	1.01612
foilsf06R03_09	220.1863	204.7511	0.178286	0.322791	0.0976	0.1050	2.60000	7.13218e-06	100000.000	1.88678
foilsf06R03_05	206.8787	180.3864	0.157334	0.273188	0.1039	0.1192	2.89000	9.47122e-06	100000.000	1.94288
foilsf06R03_08	125.9057	91.6258	0.054705	0.147415	0.1708	0.2347	3.83000	2.02334e-05	100000.000	1.80666
foilsf06R03_07	207.4929	184.5387	0.168001	0.293946	0.1036	0.1165	2.80000	9.10056e-06	100000.000	1.88994
foilsf06R04_01	136.3490	173.4031	0.094022	0.157242	0.1577	0.1240	3.54000	1.48861e-05	100000.000	2.05139
foilsf06R04_00	169.4596	112.4093	0.114947	0.191661	0.1269	0.1913	3.57000	1.63898e-05	100000.000	1.93102
foilsf06R04_02	161.7768	50.0000	0.671440	0.010000	0.1329	0.4300	1.73000	8.23140e-06	100000.000	0.90686
foilsf06R04_08	250.0000	250.0000	1.000000	0.824410	0.0860	0.0860	0.62800	8.43591e-07	100000.000	0.54364
foilsf06R04_07	239.9721	226.2913	0.233746	0.395795	0.0896	0.0950	2.19000	5.15368e-06	100000.000	1.67463
foilsf06R04_03	180.9979	50.0000	0.740721	0.010000	0.1188	0.4300	1.50000	6.09389e-06	100000.000	0.89061
foilsf06R04_09	250.0000	243.9779	0.307169	0.511586	0.0860	0.0881	1.78000	3.01051e-06	100000.000	1.47895
foilsf06R04_06	250.0000	235.9678	0.383951	0.585054	0.0860	0.0911	1.57000	2.13454e-06	100000.000	1.35655
foilsf06R04_05	250.0000	244.0407	0.591029	0.692960	0.0860	0.0881	1.12000	1.54658e-06	100000.000	0.96534
foilsf06R04_04	101.9938	107.2532	0.063771	0.140982	0.2108	0.2005	3.88000	2.12512e-05	100000.000	1.75488
foilsf07R00_01	250.0000	250.0000	0.364214	1.000000	0.0860	0.0860	1.24000	2.00672e-06	100000.000	1.03933
foilsf07R00_00	111.5470	114.4895	0.060006	0.131570	0.1927	0.1878	3.88000	2.14941e-05	100000.000	1.73059
foilsf07R00_02	217.0826	199.2721	0.171318	0.310580	0.0990	0.1079	2.67000	8.22699e-06	100000.000	1.84730
foilsf07R00_07	250.0000	242.9189	1.000000	0.332835	0.0860	0.0885	0.79100	1.28459e-06	100000.000	0.66254
foilsf07R00_03	202.7068	182.7334	0.131084	0.238404	0.1061	0.1177	3.05000	1.04682e-05	100000.000	2.00318
foilsf07R00_04	177.7389	50.0000	0.115144	0.302071	0.1210	0.4300	3.35000	1.66801e-05	100000.000	1.68199
foilsf07R00_05	211.2195	192.2358	0.161755	0.305106	0.1018	0.1118	2.76000	8.32113e-06	100000.000	1.92789
foilsf07R00_06	135.2635	134.7971	0.090847	0.162909	0.1589	0.1595	3.74000	1.69996e-05	100000.000	2.04004
foilsf07R00_08	250.0000	234.6465	0.297652	0.497599	0.0860	0.0916	1.85000	3.44718e-06	100000.000	1.50528
foilsf07R00_09	250.0000	231.3180	0.261070	0.459241	0.0860	0.0929	1.99000	4.10840e-06	100000.000	1.57916
foilsf07R01_01	212.0464	193.6795	0.151921	0.279355	0.1014	0.1110	2.83000	8.89501e-06	100000.000	1.94050
foilsf07R01_04	125.5665	151.2065	0.111864	0.183700	0.1712	0.1422	3.61000	1.63657e-05	100000.000	1.97343
foilsf07R01_00	211.5215	169.6495	0.139015	0.309406	0.1016	0.1267	2.95000	9.72686e-06	100000.000	1.97731
foilsf07R01_02	125.6800	132.4797	0.068724	0.142185	0.1711	0.1623	3.83000	1.83417e-05	100000.000	1.99583
foilsf07R01_03	158.7157	159.0073	0.106602	0.180188	0.1355	0.1352	3.47000	1.41048e-05	100000.000	2.05952
foilsf07R01_06	184.1645	176.3871	0.096426	0.170312	0.1167	0.1219	3.36000	1.28074e-05	100000.000	2.07926
foilsf07R01_05	197.3303	202.2989	0.110295	0.176139	0.1090	0.1063	3.15000	1.18486e-05	100000.000	1.96514
foilsf07R01_07	250.0000	93.3930	0.692623	0.399317	0.0860	0.2302	1.30000	3.28489e-06	100000.000	0.97151
foilsf07R01_08	151.3405	148.2901	0.104354	0.178163	0.1421	0.1450	3.57000	1.55297e-05	100000.000	2.01703
foilsf07R01_09	142.6352	137.3867	0.094181	0.169899	0.1507	0.1565	3.69000	1.63989e-05	100000.000	2.05011
foilsf07R02_00	200.1277	179.1250	0.103393	0.212014	0.1074	0.1200	3.21000	1.23963e-05	100000.000	1.97037
foilsf07R02_04	250.0000	250.0000	0.431490	0.622876	0.0860	0.0860	1.41000	2.06573e-06	100000.000	1.20343
foilsf07R02_03	250.0000	250.0000	0.010000	0.010000	0.0860	0.0860	3.28000	2.28409e-05	100000.000	0.99591
foilsf07R02_02	199.9031	172.4417	0.097973	0.198844	0.1076	0.1247	3.29000	1.31285e-05	100000.000	1.97715
foilsf07R02_01	220.0186	205.0292	0.198794	0.352241	0.0977	0.1049	2.49000	6.69760e-06	100000.000	1.82024
foilsf07R02_07	250.0000	190.5372	0.017723	0.111060	0.0860	0.1128	3.46000	1.71530e-05	100000.000	1.74470
foilsf07R02_05	158.6467	50.0000	0.016242	0.658173	0.1355	0.4300	3.32000	2.14912e-05	100000.000	1.17088
foilsf07R02_06	210.1125	194.2722	0.125305	0.242030	0.1023	0.1107	2.97000	1.01997e-05	100000.000	1.95003
foilsf07R02_08	244.7117	232.1558	0.240445	0.401842	0.0879	0.0926	2.13000	4.48637e-06	100000.000	1.68136
foilsf07R02_09	250.0000	250.0000	0.384120	0.600337	0.0860	0.0860	1.51000	2.32881e-06	100000.000	1.27712
foilsf07R03_00	250.0000	250.0000	0.619317	0.762769	0.0860	0.0860	1.03000	1.30399e-06	100000.000	0.89960
foilsf07R03_02	250.0000	214.8032	1.000000	0.330108	0.0860	0.1001	0.81100	1.25260e-06	100000.000	0.68574
foilsf07R03_01	208.8376	185.8467	0.145657	0.277654	0.1030	0.1157	2.90000	9.08206e-06	100000.000	1.99179
foilsf07R03_03	201.8063	180.1444	0.142194	0.258363	0.1065	0.1193	2.99000	1.02893e-05	100000.000	1.96107
foilsf07R03_04	231.2508	222.6816	0.231336	0.388461	0.0930	0.0966	2.24000	5.07394e-06	100000.000	1.73261
foilsf07R03_05	250.0000	250.0000	0.677117	1.000000	0.0860	0.0860	0.85800	1.16313e-06	100000.000	0.74169
foilsf07R03_06	204.8397	176.2485	0.134404	0.260585	0.1050	0.1220	3.02000	1.05065e-05	100000.000	1.96935
foilsf07R03_07	247.4431	225.0795	0.265609	0.430192	0.0869	0.0955	2.05000	4.67809e-06	100000.000	1.58219
foilsf07R03_08	249.7797	246.0858	0.592958	0.855126	0.0861	0.0874	1.03000	1.02253e-06	100000.000	0.92775
foilsf07R03_09	250.0000	248.4382	0.502968	0.644632	0.0860	0.0865	1.27000	1.78944e-06	100000.000	1.09106
foilsf07R04_01	179.0244	170.3966	0.115590	0.197441	0.1201	0.1262	3.30000	1.30931e-05	100000.000	1.99069
foilsf07R04_00	50.0000	250.0000	0.415583	0.442873	0.4300	0.0860	2.35000	9.14629e-06	100000.000	1.43537
foilsf07R04_02	250.0000	250.0000	0.521034	0.767872	0.0860	0.0860	1.16000	1.57731e-06	100000.000	1.00227
foilsf07R04_04	227.8368	228.0339	0.192366	0.347886	0.0944	0.0943	2.39000	5.97335e-06	100000.000	1.79267
foilsf07R04_03	250.0000	247.3422	0.656929	0.833931	0.0860	0.0869	0.95400	1.20680e-06	100000.000	0.83332
foilsf07R04_06	240.8630	229.3031	0.469310	0.781004	0.0893	0.0938	1.30000	2.14527e-06	100000.000	1.08547
foilsf07R04_05	179.8156	147.2729	0.106790	0.211607	0.1196	0.1460	3.44000	1.37965e-05	100000.000	2.06035
foilsf07R04_07	244.6749	226.9300	0.335424	0.685069	0.0879	0.0947	1.63000	3.08038e-06	100000.000	1.32196
foilsf07R04_09	159.4561	188.8557	0.148042	0.189046	0.1348	0.1138	3.18000	1.18231e-05	100000.000	1.99769
foilsf07R04_08	250.0000	222.5790	0.529478	0.755668	0.0860	0.0966	1.22000	1.77274e-06	100000.000	1.04273
foilsf08R00_00	108.4919	114.1127	0.059637	0.138427	0.1982	0.1884	3.89000	0.00000e+00	100000.000	3.89000
foilsf08R00_01	109.6946	111.9068	0.062424	0.136612	0.1960	0.1921	3.88000	0.00000e+00	100000.000	3.88000
foilsf08R00_02	92.2835	102.7797	0.131502	0.184280	0.2330	0.2092	3.75000	0.00000e+00	100000.000	3.75000
foilsf08R00_03	111.3635	111.3552	0.057246	0.136845	0.1931	0.1931	3.88000	0.00000e+00	100000.000	3.88000
foilsf08R00_04	107.0445	114.9819	0.060331	0.141060	0.2009	0.1870	3.87000	0.00000e+00	100000.000	3.87000
foilsf08R00_05	100.4611	110.9483	0.059272	0.154875	0.2140	0.1938	3.86000	0.00000e+00	100000.000	3.86000
foilsf08R00_06	107.5819	111.6465	0.060445	0.135027	0.1998	0.1926	3.89000	0.00000e+00	100000.000	3.89000
foilsf08R00_07	108.2654	110.1207	0.060918	0.141698	0.1986	0.1952	3.89000	0.00000e+00	100000.000	3.89000
foilsf08R00_08	112.0235	115.3444	0.055691	0.128372	0.1919	0.1864	3.89000	0.00000e+00	100000.000	3.89000
foilsf08R00_09	103.7234	126.6979	0.054343	0.126067	0.2073	0.1697	3.87000	0.00000e+00	100000.000	3.87000
foilsf09R00_00	111.7906	114.8520	0.054981	0.132664	0.1923	0.1872	3.90000	0.00000e+00	100000.000	3.90000
foilsf09R00_01	108.9462	115.8917	0.053140	0.135928	0.1973	0.1855	3.88000	0.00000e+00	100000.000	3.88000
foilsf09R00_02	111.8109	115.2720	0.054491	0.128912	0.1923	0.1865	3.89000	0.00000e+00	100000.000	3.89000
foilsf09R00_04	109.4416	112.2668	0.062091	0.137106	0.1965	0.1915	3.88000	0.00000e+00	100000.000	3.88000
foilsf09R00_03	119.1608	110.2695	0.037924	0.141860	0.1804	0.1950	3.87000	0.00000e+00	100000.000	3.87000
foilsf09R00_07	108.2908	116.0941	0.062399	0.124141	0.1985	0.1852	3.88000	0.00000e+00	100000.000	3.88000
foilsf09R00_05	113.4604	113.7677	0.051227	0.132916	0.1895	0.1890	3.88000	0.00000e+00	100000.000	3.88000
foilsf09R00_09	110.1374	114.8677	0.065304	0.127574	0.1952	0.1872	3.89000	0.00000e+00	100000.000	3.89000
foilsf09R00_06	118.3134	106.0217	0.057646	0.128882	0.1817	0.2028	3.88000	0.00000e+00	100000.000	3.88000
foilsf09R00_08	110.7892	116.8990	0.048587	0.137436	0.1941	0.1839	3.87000	0.00000e+00	100000.000	3.87000
foilsf09R01_00	112.0972	109.3956	0.061900	0.137735	0.1918	0.1965	3.88000	0.00000e+00	100000.000	3.88000
foilsf09R01_02	110.6078	113.0058	0.055757	0.147227	0.1944	0.1903	3.88000	0.00000e+00	100000.000	3.88000
foilsf09R01_05	110.0546	115.3319	0.061116	0.128935	0.1954	0.1864	3.89000	0.00000e+00	100000.000	3.89000
foilsf09R01_03	114.3690	112.1087	0.053928	0.132209	0.1880	0.1918	3.89000	0.00000e+00	100000.000	3.89000
foilsf09R01_01	112.2202	111.3749	0.058805	0.137788	0.1916	0.1930	3.88000	0.00000e+00	100000.000	3.88000
foilsf09R01_04	111.6642	117.3488	0.045563	0.126589	0.1925	0.1832	3.88000	0.00000e+00	100000.000	3.88000
foilsf09R01_09	102.4471	123.1427	0.053839	0.119266	0.2099	0.1746	3.89000	0.00000e+00	100000.000	3.89000
foilsf09R01_06	108.9525	116.4197	0.057963	0.134440	0.1973	0.1847	3.89000	0.00000e+00	100000.000	3.89000
foilsf09R01_08	106.7622	112.3896	0.066548	0.136897	0.2014	0.1913	3.88000	0.00000e+00	100000.000	3.88000
foilsf09R01_07	114.7411	113.8037	0.037506	0.136289	0.1874	0.1889	3.88000	0.00000e+00	100000.000	3.88000
foilsf10R00_00	107.6606	105.8530	0.059003	0.141480	0.1997	0.2031	3.89000	0.00000e+00	100000.000	3.89000
foilsf10R00_01	103.3237	119.4818	0.011510	0.465185	0.2081	0.1799	3.34000	0.00000e+00	100000.000	3.34000
foilsf10R00_02	100.4764	111.2827	0.053076	0.147982	0.2140	0.1932	3.87000	0.00000e+00	100000.000	3.87000
foilsf10R00_04	93.9006	104.0925	0.067299	0.142491	0.2290	0.2065	3.87000	0.00000e+00	100000.000	3.87000
foilsf10R00_03	107.0506	55.4030	0.055711	0.194440	0.2008	0.3881	3.66000	0.00000e+00	100000.000	3.66000
foilsf10R00_05	106.0537	113.8546	0.056247	0.146982	0.2027	0.1888	3.87000	0.00000e+00	100000.000	3.87000
foilsf10R00_06	111.2255	106.2440	0.067807	0.132050	0.1933	0.2024	3.89000	0.00000e+00	100000.000	3.89000
foilsf10R00_07	103.5876	119.5580	0.010000	0.461893	0.2076	0.1798	3.33000	0.00000e+00	100000.000	3.33000
foilsf10R00_09	106.7107	107.4632	0.053940	0.141559	0.2015	0.2001	3.88000	0.00000e+00	100000.000	3.88000
foilsf10R00_08	107.9953	104.2572	0.064044	0.139421	0.1991	0.2062	3.86000	0.00000e+00	100000.000	3.86000
foilsf10R01_00	110.4597	113.7695	0.056224	0.123585	0.1946	0.1890	3.88000	0.00000e+00	100000.000	3.88000
foilsf10R01_01	105.2675	115.7361	0.055025	0.125658	0.2042	0.1858	3.87000	0.00000e+00	100000.000	3.87000
foilsf10R01_03	111.1023	112.2654	0.060852	0.128060	0.1935	0.1915	3.88000	0.00000e+00	100000.000	3.88000
foilsf10R01_02	109.9944	112.7216	0.060459	0.123001	0.1955	0.1907	3.88000	0.00000e+00	100000.000	3.88000
foilsf10R01_04	110.5193	115.9440	0.060663	0.129482	0.1945	0.1854	3.88000	0.00000e+00	100000.000	3.88000
foilsf10R01_05	108.8991	110.5852	0.058548	0.127009	0.1974	0.1944	3.88000	0.00000e+00	100000.000	3.88000
foilsf10R01_06	115.0925	113.4316	0.047420	0.116003	0.1868	0.1895	3.86000	0.00000e+00	100000.000	3.86000
foilsf10R01_07	108.1614	102.9909	0.053627	0.102317	0.1988	0.2088	3.87000	0.00000e+00	100000.000	3.87000
foilsf10R01_08	114.8593	115.6886	0.042614	0.129976	0.1872	0.1858	3.88000	0.00000e+00	100000.000	3.88000
foilsf10R01_09	118.7846	122.5259	0.047556	0.118560	0.1810	0.1755	3.90000	0.00000e+00	100000.000	3.90000
foilsf11R00_00	250.0000	250.0000	1.000000	0.375361	0.5943	0.2857	1.99000	6.06142e-06	100000.000	1.38386
foilsf11R00_01	250.0000	218.9900	0.699345	0.108169	0.6351	0.2103	2.78000	1.22031e-05	100000.000	1.55969
foilsf11R00_02	250.0000	250.0000	1.000000	0.825984	0.4507	0.7057	1.37000	1.07981e-05	100000.000	0.29019
foilsf11R00_05	250.0000	50.0000	1.000000	1.000000	0.9500	0.0000	2.83000	2.39366e-05	100000.000	0.43634
foilsf11R00_03	250.0000	250.0000	1.000000	1.000000	0.8737	0.0000	1.47000	4.00759e-06	100000.000	1.06924
foilsf11R00_06	250.0000	250.0000	0.317874	0.010000	0.6519	0.3154	2.69000	2.05289e-05	100000.000	0.63711
foilsf11R00_04	250.0000	222.8262	0.625758	0.232762	0.6207	0.8769	2.41000	1.81372e-05	100000.000	0.59628
foilsf11R00_07	250.0000	250.0000	1.000000	0.024479	0.6032	0.0000	2.84000	1.56085e-05	100000.000	1.27915
foilsf11R00_08	250.0000	250.0000	1.000000	1.000000	0.0000	0.9500	0.79300	1.38145e-06	100000.000	0.65485
foilsf11R00_09	250.0000	50.0000	1.000000	1.000000	0.8115	0.9500	2.78000	2.16186e-05	100000.000	0.61814
foilsf11R01_00	50.0000	250.0000	0.804296	0.010000	0.9500	0.0000	3.22000	2.28732e-05	100000.000	0.93268
foilsf11R01_02	50.0000	50.0000	0.010000	1.000000	0.0000	0.9500	3.23000	2.40296e-05	100000.000	0.82704
foilsf11R01_04	50.0000	250.0000	0.010000	0.010000	0.9500	0.0000	3.27000	2.31262e-05	100000.000	0.95738
foilsf11R01_01	50.0000	245.1163	0.069183	0.069770	0.0000	0.7969	3.20000	2.37223e-05	100000.000	0.82777
foilsf11R01_03	250.0000	250.0000	1.000000	0.010000	0.9500	0.3713	2.96000	2.26027e-05	100000.000	0.69973
foilsf11R01_06	250.0000	250.0000	1.000000	1.000000	0.0000	0.2466	0.57900	7.30382e-07	100000.000	0.50596
foilsf11R01_05	50.0000	109.9428	0.094823	0.186025	0.0000	0.0000	3.81000	2.31119e-05	100000.000	1.49881
foilsf11R01_09	50.0000	50.0000	0.010000	1.000000	0.9500	0.9500	3.22000	2.37565e-05	100000.000	0.84435
foilsf11R01_07	50.0000	250.0000	0.010000	0.010000	0.9500	0.9500	3.12000	2.43049e-05	100000.000	0.68951
foilsf11R01_08	50.0000	250.0000	0.683512	0.010000	0.9500	0.5608	3.08000	2.32007e-05	100000.000	0.75993
foilsf12R00_01	50.0000	50.0000	0.525298	0.715158	0.9500	0.9500	3.19000	0.00000e+00	100000.000	3.19000
foilsf12R00_02	50.0000	50.0000	0.484147	0.659559	0.9500	0.4333	3.21000	0.00000e+00	100000.000	3.21000
foilsf12R00_04	50.0000	50.0000	0.369273	0.311426	0.9500	0.9500	3.19000	0.00000e+00	100000.000	3.19000
foilsf12R00_03	50.0000	50.0000	0.469460	0.866743	0.9500	0.8237	3.21000	0.00000e+00	100000.000	3.21000
foilsf12R00_00	50.0000	50.0000	0.590150	0.299491	0.9500	0.0000	3.38000	0.00000e+00	100000.000	3.38000
foilsf12R00_05	50.0000	59.6101	0.295451	0.284530	0.7656	0.9500	3.18000	0.00000e+00	100000.000	3.18000
foilsf12R00_07	50.0000	50.0000	0.635741	0.345223	0.9500	0.8043	3.22000	0.00000e+00	100000.000	3.22000
foilsf12R00_06	50.0000	50.0000	0.466351	0.619873	0.9389	0.6543	3.22000	0.00000e+00	100000.000	3.22000
foilsf12R00_08	50.0000	50.0000	0.389221	0.672630	0.9500	0.0000	3.15000	0.00000e+00	100000.000	3.15000
foilsf12R00_09	174.9523	50.0000	0.010000	0.689100	0.9500	0.0000	3.16000	0.00000e+00	100000.000	3.16000
foilsf12R01_00	50.0000	105.9013	0.076220	0.140719	0.1388	0.1000	3.82000	0.00000e+00	100000.000	3.82000
foilsf12R01_02	139.4519	66.4378	0.046424	0.206827	0.1951	0.0000	3.72000	0.00000e+00	100000.000	3.72000
foilsf12R01_01	51.6702	86.6607	0.079974	0.167991	0.1507	0.0000	3.74000	0.00000e+00	100000.000	3.74000
foilsf12R01_03	88.6478	99.6054	0.064258	0.146771	0.1560	0.0000	3.85000	0.00000e+00	100000.000	3.85000
foilsf12R01_04	50.0000	50.0000	0.089016	0.242701	0.1436	0.0000	3.50000	0.00000e+00	100000.000	3.50000
foilsf12R01_05	50.0000	114.9134	0.075095	0.133937	0.1251	0.2160	3.81000	0.00000e+00	100000.000	3.81000
foilsf12R01_06	50.0000	50.0000	0.063234	0.337504	0.0271	0.0000	3.44000	0.00000e+00	100000.000	3.44000
foilsf12R01_07	75.8671	50.0000	0.053057	0.217623	0.1407	0.0000	3.57000	0.00000e+00	100000.000	3.57000
foilsf12R01_08	50.0000	123.1983	0.077981	0.114949	0.1093	0.1811	3.82000	0.00000e+00	100000.000	3.82000
foilsf12R01_09	50.0000	211.2177	0.017180	0.010000	0.0000	0.0000	3.32000	0.00000e+00	100000.000	3.32000
foilsf14R00_02	250.0000	50.0000	0.010000	1.000000	0.6668	0.0000	3.00000	2.42717e-05	100000.000	0.57283
foilsf14R00_00	50.0000	56.2411	0.015413	1.000000	0.8060	0.0000	3.01000	2.29037e-05	100000.000	0.71963
foilsf14R00_01	250.0000	250.0000	0.010000	1.000000	0.9500	0.0000	1.65000	5.45261e-06	100000.000	1.10474
foilsf14R00_04	250.0000	95.6677	0.269135	1.000000	0.6729	0.0000	2.49000	2.02399e-05	100000.000	0.46601
foilsf14R00_03	183.1476	175.0706	0.135458	1.000000	0.7372	0.0000	2.02000	8.97962e-06	100000.000	1.12204
foilsf14R00_06	55.1125	104.7799	0.083833	0.154562	0.1511	0.0842	3.83000	2.34052e-05	100000.000	1.48948
foilsf14R00_05	250.0000	210.3725	0.432410	1.000000	0.6605	0.0000	1.66000	3.91609e-06	100000.000	1.26839
foilsf14R00_07	50.0000	250.0000	0.010000	1.000000	0.9500	0.0000	1.66000	5.24444e-06	100000.000	1.13556
foilsf14R00_08	250.0000	162.5257	0.050788	0.250268	0.0000	0.9500	3.08000	1.83579e-05	100000.000	1.24421
foilsf14R00_09	50.0000	50.0000	0.456717	1.000000	0.9500	0.0000	3.03000	2.25947e-05	100000.000	0.77053
foilsf14R01_00	250.0000	50.0000	0.010000	1.000000	0.9500	0.9500	3.20000	2.39124e-05	100000.000	0.80876
foilsf14R01_02	250.0000	50.0000	0.010000	0.421155	0.9500	0.9500	3.21000	2.42655e-05	100000.000	0.78345
foilsf14R01_01	50.0000	250.0000	0.702434	1.000000	0.9500	0.0000	1.65000	5.47216e-06	100000.000	1.10278
foilsf14R01_04	175.6883	181.7699	0.107522	0.199020	0.0000	0.3526	3.18000	1.27281e-05	100000.000	1.90719
foilsf14R01_03	250.0000	134.0278	1.000000	1.000000	0.0000	0.6858	0.76500	1.56002e-06	100000.000	0.60900
foilsf14R01_06	250.0000	50.0000	0.010000	1.000000	0.5596	0.9500	3.15000	2.46373e-05	100000.000	0.68627
foilsf14R01_05	250.0000	250.0000	1.000000	1.000000	0.0000	0.0000	0.55500	7.26674e-07	100000.000	0.48233
foilsf14R01_07	50.0000	50.0000	1.000000	1.000000	0.9500	0.9500	3.11000	2.43306e-05	100000.000	0.67694
foilsf14R01_09	250.0000	250.0000	1.000000	0.406857	0.0000	0.5627	0.74000	1.10475e-06	100000.000	0.62953
foilsf14R01_08	250.0000	50.0000	0.010000	0.010000	0.9500	0.9500	3.12000	2.44401e-05	100000.000	0.67599
foilsf17R00_00	197.1157	156.5709	0.084942	0.208290	0.0000	0.0000	3.44000	1.39070e-05	100000.000	2.04930
foilsf17R00_01	250.0000	250.0000	0.635376	0.594854	0.4967	0.0000	1.87000	2.93707e-06	100000.000	1.57629
foilsf17R00_02	232.6932	213.3166	0.190727	0.375473	0.0000	0.0000	2.41000	6.05230e-06	100000.000	1.80477
foilsf17R00_04	250.0000	250.0000	0.647347	0.526057	0.5921	0.0000	2.02000	4.08166e-06	100000.000	1.61183
foilsf17R00_06	250.0000	250.0000	0.850843	0.681762	0.0000	0.2024	0.77700	7.36118e-07	100000.000	0.70339
foilsf17R00_03	210.9122	190.4936	0.140133	0.286554	0.0000	0.0000	2.88000	9.04756e-06	100000.000	1.97524
foilsf17R00_05	250.0000	245.8829	0.389674	0.612891	0.0000	0.0000	1.48000	2.26236e-06	100000.000	1.25376
foilsf17R00_09	250.0000	146.7305	1.000000	0.010000	0.4333	0.4021	2.55000	9.74851e-06	100000.000	1.57515
foilsf17R00_07	203.7278	175.8636	0.112584	0.247401	0.0000	0.0000	3.15000	1.17283e-05	100000.000	1.97717
foilsf17R00_08	50.0000	50.0000	0.582679	0.010000	0.9500	0.9500	3.12000	2.31604e-05	100000.000	0.80396
foilsf17R01_00	250.0000	243.6632	0.564312	0.553285	0.4922	0.0242	1.99000	3.18579e-06	100000.000	1.67142
foilsf17R01_01	250.0000	50.0000	1.000000	0.010000	0.9500	0.9500	2.92000	2.42723e-05	100000.000	0.49277
foilsf17R01_02	50.0000	50.0000	0.151463	0.224026	0.0000	0.5961	3.40000	2.30070e-05	100000.000	1.09930
foilsf17R01_04	50.0000	50.0000	0.171369	0.134682	0.0000	0.9500	3.28000	2.27386e-05	100000.000	1.00614
foilsf17R01_06	250.0000	250.0000	0.673962	0.932267	0.4751	0.0000	1.42000	1.43874e-06	100000.000	1.27613
foilsf17R01_03	250.0000	250.0000	0.612829	0.750457	0.4789	0.0000	1.64000	1.98116e-06	100000.000	1.44188
foilsf17R01_07	112.4760	109.9162	0.063100	0.144736	0.1778	0.0000	3.91000	2.07719e-05	100000.000	1.83281
foilsf17R01_05	250.0000	50.0000	0.740764	0.010000	0.9500	0.9500	2.96000	2.38157e-05	100000.000	0.57843
foilsf17R01_08	250.0000	250.0000	0.699416	0.669332	0.0000	0.2745	0.95800	1.23982e-06	100000.000	0.83402
foilsf17R01_09	250.0000	250.0000	0.203733	1.000000	0.0000	0.9500	2.28000	1.16569e-05	100000.000	1.11431
foilsf18R00_00	250.0000	212.0569	0.575847	0.518696	0.4580	0.0121	2.16000	3.74503e-06	100000.000	1.78550
foilsf18R00_02	250.0000	218.4672	0.251361	0.438933	0.3322	0.0000	2.36000	5.34625e-06	100000.000	1.82538
foilsf18R00_03	250.0000	178.0939	0.632830	0.485774	0.4674	0.0308	2.39000	3.75101e-06	100000.000	2.01490
foilsf18R00_04	224.4884	213.4286	0.186172	0.356407	0.3209	0.0000	2.63000	6.90727e-06	100000.000	1.93927
foilsf18R00_05	205.3208	190.8764	0.137050	0.289683	0.3056	0.0000	2.98000	9.36897e-06	100000.000	2.04310
foilsf18R00_01	250.0000	250.0000	0.580297	0.648409	0.4515	0.0075	1.78000	2.79599e-06	100000.000	1.50040
foilsf18R00_08	50.0000	250.0000	0.016193	0.010000	0.4463	0.9500	3.17000	2.36818e-05	100000.000	0.80182
foilsf18R00_07	250.0000	250.0000	0.681044	1.000000	0.3980	0.0000	1.30000	1.16313e-06	100000.000	1.18369
foilsf18R00_06	250.0000	250.0000	0.507837	0.443583	0.4513	0.0000	2.12000	3.85377e-06	100000.000	1.73462
foilsf18R00_09	171.7369	175.6872	0.101580	0.220527	0.2842	0.0000	3.32000	1.31140e-05	100000.000	2.00860
foilsf18R01_00	250.0000	135.5903	0.701545	0.406523	0.4949	0.0000	2.81000	8.78161e-06	100000.000	1.93184
foilsf18R01_01	250.0000	118.6530	0.713558	0.337433	0.5359	0.0000	3.05000	1.38849e-05	100000.000	1.66151
foilsf18R01_03	250.0000	146.8744	0.701431	0.460973	0.4708	0.0000	2.61000	6.56039e-06	100000.000	1.95396
foilsf18R01_05	250.0000	250.0000	0.807566	1.000000	0.3708	0.0000	1.23000	1.24505e-06	100000.000	1.10549
foilsf18R01_04	250.0000	187.1806	0.767516	0.922360	0.4624	0.0000	1.74000	1.84624e-06	100000.000	1.55538
foilsf18R01_06	250.0000	105.8062	0.742172	0.268965	0.5716	0.0000	3.16000	1.48946e-05	100000.000	1.67054
foilsf18R01_07	237.5714	96.4615	0.113122	0.277022	0.3414	0.0000	3.44000	1.64075e-05	100000.000	1.79925
foilsf18R01_08	250.0000	180.7422	0.745528	0.775403	0.4520	0.0000	1.93000	2.19845e-06	100000.000	1.71016
foilsf18R01_02	250.0000	168.4203	0.739068	0.678501	0.4443	0.0000	2.11000	2.69693e-06	100000.000	1.84031
foilsf18R01_09	250.0000	157.7234	0.734125	0.574374	0.4493	0.0000	2.32000	3.59573e-06	100000.000	1.96043
foilsf19R00_01	250.0000	50.0000	0.326887	0.170571	0.9500	0.0000	3.29000	0.00000e+00	100000.000	3.29000
foilsf19R00_02	118.6253	98.4206	0.072392	0.136834	0.2076	0.0000	3.89000	0.00000e+00	100000.000	3.89000
foilsf19R00_04	250.0000	54.5667	0.404931	0.169436	0.9500	0.0595	3.32000	0.00000e+00	100000.000	3.32000
foilsf19R00_03	250.0000	50.0000	0.509577	0.369006	0.9500	0.0000	3.20000	0.00000e+00	100000.000	3.20000
foilsf19R00_05	135.3689	50.0000	0.209510	0.010000	0.9500	0.0000	3.16000	0.00000e+00	100000.000	3.16000
foilsf19R00_07	226.1945	50.0000	0.520260	0.326717	0.8148	0.0000	3.01000	0.00000e+00	100000.000	3.01000
foilsf19R00_06	130.6925	62.2309	0.794589	0.405200	0.8230	0.0000	3.24000	0.00000e+00	100000.000	3.24000
foilsf19R00_08	105.2201	52.6027	0.708675	0.418703	0.8936	0.0000	3.31000	0.00000e+00	100000.000	3.31000
foilsf19R00_00	103.7010	116.8980	0.061146	0.127623	0.1680	0.0508	3.91000	0.00000e+00	100000.000	3.91000
foilsf19R00_09	167.5368	98.9223	0.344276	0.010000	0.9500	0.0000	3.14000	0.00000e+00	100000.000	3.14000
foilsf19R01_00	114.8013	114.4492	0.057006	0.124289	0.1913	0.0263	3.91000	0.00000e+00	100000.000	3.91000
foilsf19R01_02	138.0328	60.2077	0.770796	0.431855	0.8118	0.0134	3.19000	0.00000e+00	100000.000	3.19000
foilsf19R01_01	50.0000	101.0444	1.000000	0.010000	0.9500	0.0000	3.16000	0.00000e+00	100000.000	3.16000
foilsf19R01_04	249.3934	66.4095	0.356158	0.285599	0.5641	0.0000	2.99000	0.00000e+00	100000.000	2.99000
foilsf19R01_05	66.5335	50.0000	0.820826	0.438438	0.7923	0.0468	2.89000	0.00000e+00	100000.000	2.89000
foilsf19R01_06	111.7757	143.1950	0.911193	0.015704	0.9500	0.0000	3.29000	0.00000e+00	100000.000	3.29000
foilsf19R01_08	143.7212	58.5697	0.769537	0.436354	0.7763	0.0000	3.12000	0.00000e+00	100000.000	3.12000
foilsf19R01_03	203.2570	124.2546	0.900320	0.105410	0.8846	0.0000	3.48000	0.00000e+00	100000.000	3.48000
foilsf19R01_07	50.0188	101.0434	0.999981	0.010036	0.9500	0.0000	3.15000	0.00000e+00	100000.000	3.15000
foilsf19R01_09	144.5756	110.3631	0.921176	0.010000	0.9500	0.0000	3.15000	0.00000e+00	100000.000	3.15000
foilsf21R00_00	250.0000	165.4458	0.707236	0.481728	0.4947	0.0310	2.49000	4.48322e-06	100000.000	2.04168
foilsf21R00_01	50.0000	250.0000	0.048766	0.010000	0.0000	0.0000	3.38000	2.27501e-05	100000.000	1.10499
foilsf21R00_03	250.0000	157.9850	0.729145	0.407374	0.5309	0.0660	2.70000	7.56413e-06	100000.000	1.94359
foilsf21R00_04	53.8112	250.0000	0.151656	0.129820	0.0000	0.0000	3.29000	1.59868e-05	100000.000	1.69132
foilsf21R00_02	250.0000	172.9097	0.715578	0.613900	0.4678	0.0113	2.20000	2.88619e-06	100000.000	1.91138
foilsf21R00_05	250.0000	162.5642	0.747875	0.442286	0.5242	0.1080	2.60000	6.00010e-06	100000.000	1.99999
foilsf21R00_07	50.0000	50.0000	1.000000	0.010000	0.9500	0.0000	3.09000	2.34921e-05	100000.000	0.74079
foilsf21R00_06	221.7042	168.5681	0.187344	0.356206	0.2771	0.0000	2.84000	8.91263e-06	100000.000	1.94874
foilsf21R00_08	50.0000	50.0000	0.826821	0.267826	0.9500	0.0000	3.36000	2.36093e-05	100000.000	0.99907
foilsf21R00_09	50.0000	50.0000	0.366620	0.134642	0.9500	0.0000	3.41000	2.37817e-05	100000.000	1.03183
foilsf21R01_00	250.0000	247.9030	0.759596	1.000000	0.4679	0.0000	1.35000	1.43708e-06	100000.000	1.20629
foilsf21R01_01	174.6440	50.0000	0.089611	0.282635	0.0000	0.0000	3.48000	1.75389e-05	100000.000	1.72611
foilsf21R01_02	250.0000	152.1128	0.698877	0.379800	0.5048	0.0000	2.76000	7.37145e-06	100000.000	2.02286
foilsf21R01_03	250.0000	50.0000	0.744061	0.439186	0.4896	0.5171	2.80000	1.28497e-05	100000.000	1.51503
foilsf21R01_04	250.0000	50.0000	0.734360	0.331427	0.4486	0.9500	2.64000	1.16952e-05	100000.000	1.47048
foilsf21R01_05	250.0000	50.0000	0.668115	0.462569	0.5529	0.6488	2.79000	1.58231e-05	100000.000	1.20769
foilsf21R01_07	250.0000	50.0000	0.010000	0.054692	0.9500	0.0000	3.30000	2.35751e-05	100000.000	0.94249
foilsf21R01_06	250.0000	180.0054	0.750957	0.691204	0.4499	0.0000	2.03000	2.73709e-06	100000.000	1.75629
foilsf21R01_09	250.0000	207.1390	0.763354	0.902768	0.4279	0.0000	1.59000	1.78411e-06	100000.000	1.41159
foilsf21R01_08	171.5980	50.0000	0.113057	0.229248	0.3585	0.9500	3.24000	1.76703e-05	100000.000	1.47297
foilsf22R00_01	229.3858	166.6277	0.609938	0.390513	0.4816	0.0000	2.61000	4.97670e-06	100000.000	2.11233
foilsf22R00_00	177.8728	139.9688	0.089294	0.192183	0.1940	0.0000	3.59000	1.55157e-05	100000.000	2.03843
foilsf22R00_03	250.0000	250.0000	0.010000	0.115177	0.9500	0.0000	3.24000	1.71522e-05	100000.000	1.52478
foilsf22R00_02	250.0000	105.5371	0.964546	0.623732	0.5219	0.0000	2.62000	1.14690e-05	100000.000	1.47310
foilsf22R00_05	250.0000	192.8046	0.731154	0.780849	0.4363	0.0000	1.83000	2.05589e-06	100000.000	1.62441
foilsf22R00_07	250.0000	155.9790	0.751091	0.533658	0.4758	0.0000	2.43000	4.88151e-06	100000.000	1.94185
foilsf22R00_04	250.0000	167.2837	0.732412	0.590097	0.4647	0.0000	2.28000	3.29060e-06	100000.000	1.95094
foilsf22R00_06	250.0000	214.7998	0.703411	0.980707	0.4173	0.0000	1.49000	1.50689e-06	100000.000	1.33931
foilsf22R00_09	191.2939	250.0000	0.010000	0.176425	0.4366	0.0000	3.05000	1.46518e-05	100000.000	1.58482
foilsf22R00_08	250.0000	164.5052	0.679909	0.435414	0.4769	0.0000	2.55000	5.22442e-06	100000.000	2.02756
foilsf22R01_00	187.0637	160.0814	0.675168	0.314780	0.5256	0.0000	2.68000	7.76573e-06	100000.000	1.90343
foilsf22R01_01	178.0304	158.9108	0.241760	0.329026	0.4623	0.0000	3.06000	9.93359e-06	100000.000	2.06664
foilsf22R01_02	195.3030	169.9647	0.386998	0.375494	0.4815	0.0000	2.74000	7.08431e-06	100000.000	2.03157
foilsf22R01_03	176.1358	147.4166	0.697200	0.285436	0.5481	0.0000	2.79000	7.88315e-06	100000.000	2.00168
foilsf22R01_04	226.0931	172.2051	0.640769	0.458397	0.4688	0.0000	2.44000	4.78325e-06	100000.000	1.96168
foilsf22R01_06	152.2752	50.0000	0.126813	0.258003	0.3631	0.0000	3.53000	1.76708e-05	100000.000	1.76292
foilsf22R01_05	172.9673	142.9156	0.168404	0.300856	0.4205	0.0000	3.31000	1.32320e-05	100000.000	1.98680
foilsf22R01_07	219.6828	159.9586	0.666903	0.368120	0.4857	0.0000	2.63000	5.73485e-06	100000.000	2.05652
foilsf22R01_08	223.3464	177.0070	0.634498	0.525233	0.4618	0.0000	2.30000	4.26948e-06	100000.000	1.87305
foilsf22R01_09	50.0000	50.0000	0.010000	1.000000	0.4625	0.9500	3.23000	2.39605e-05	100000.000	0.83395
foilsf23R00_00	193.6466	153.9006	0.478017	0.282016	0.5293	0.0000	2.94000	8.73415e-06	100000.000	2.06659
foilsf23R00_03	153.6165	233.9628	0.230631	0.346588	0.9500	0.0000	2.71000	1.06261e-05	100000.000	1.64739
foilsf23R00_01	165.8773	148.1709	0.446982	0.243866	0.5879	0.0000	3.15000	1.11741e-05	100000.000	2.03259
foilsf23R00_04	213.5679	174.3804	0.245097	0.333663	0.4451	0.0000	2.88000	8.84985e-06	100000.000	1.99501
foilsf23R00_02	148.4296	171.0887	0.252654	0.286961	0.9500	0.0000	3.25000	1.49290e-05	100000.000	1.75710
foilsf23R00_05	250.0000	50.0000	0.028320	1.000000	0.0000	0.9500	3.25000	2.20960e-05	100000.000	1.04040
foilsf23R00_06	216.8961	161.3788	0.544361	0.355442	0.4882	0.0000	2.71000	6.24589e-06	100000.000	2.08541
foilsf23R00_07	250.0000	250.0000	1.000000	0.679852	0.0000	0.1968	0.64400	9.83206e-07	100000.000	0.54568
foilsf23R00_08	156.3226	163.0313	0.044738	0.285203	0.9500	0.0000	3.34000	1.73077e-05	100000.000	1.60923
foilsf23R00_09	50.0000	50.0000	0.010000	0.010000	0.9500	0.9500	3.14000	2.39488e-05	100000.000	0.74512
foilsf23R01_02	106.4219	163.8801	0.376237	0.284755	0.6962	0.0000	3.21000	1.48578e-05	100000.000	1.72422
foilsf23R01_00	137.8579	148.6047	0.997639	0.400626	0.9500	0.0000	3.16000	1.59493e-05	100000.000	1.56507
foilsf23R01_05	155.8089	110.7844	0.593259	0.010000	0.9500	0.0000	3.13000	2.32505e-05	100000.000	0.80495
foilsf23R01_07	250.0000	173.4258	0.626036	0.444277	0.4572	0.0000	2.46000	4.20962e-06	100000.000	2.03904
foilsf23R01_03	179.7141	155.6087	0.451944	0.278488	0.5632	0.0000	3.02000	9.25150e-06	100000.000	2.09485
foilsf23R01_06	153.2622	139.6259	0.777809	0.216868	0.9500	0.0000	3.53000	1.88952e-05	100000.000	1.64048
foilsf23R01_01	195.8250	162.6397	0.492041	0.313711	0.5238	0.0000	2.83000	8.07802e-06	100000.000	2.02220
foilsf23R01_08	250.0000	250.0000	0.776925	0.672581	0.0000	0.1984	0.86300	1.36764e-06	100000.000	0.72624
foilsf23R01_04	177.3721	126.5047	0.121142	0.236417	0.3544	0.3576	3.46000	1.43874e-05	100000.000	2.02126
foilsf23R01_09	250.0000	181.7691	0.689105	0.585097	0.4471	0.0000	2.18000	3.02926e-06	100000.000	1.87707
foilsfPS01R00_00	117.9893	111.9068	0.024936	0.150959	0.1988	0.2641	3.82000	2.28063e-05	100000.000	1.53937
foilsfPS01R00_02	66.3965	108.4315	0.062514	0.087686	0.2176	0.1738	3.79000	2.25668e-05	100000.000	1.53332
foilsfPS01R00_03	68.2523	102.5287	0.090317	0.164462	0.0763	0.3457	3.79000	2.27567e-05	100000.000	1.51433
foilsfPS01R00_01	90.8836	137.9410	0.101405	0.137820	0.1319	0.1636	3.80000	2.11270e-05	100000.000	1.68730
foilsfPS01R00_06	116.1332	105.3098	0.112666	0.101190	0.1029	0.1961	3.79000	1.84895e-05	100000.000	1.94105
foilsfPS01R00_05	153.4942	129.5059	0.018033	0.121731	0.2486	0.2152	3.76000	2.07332e-05	100000.000	1.68668
foilsfPS01R00_07	89.0049	99.1897	0.062917	0.254377	0.2749	0.1926	3.74000	2.19593e-05	100000.000	1.54407
foilsfPS01R00_08	97.1988	84.8243	0.117804	0.173014	0.0083	0.0047	3.74000	2.12557e-05	100000.000	1.61443
foilsfPS01R00_04	147.0223	75.4456	0.060160	0.171047	0.1304	0.1013	3.75000	1.91453e-05	100000.000	1.83547
foilsfPS01R00_09	82.3235	104.0027	0.137641	0.221301	0.1381	0.2051	3.69000	2.20450e-05	100000.000	1.48550
foilsfPS01R01_01	120.8765	118.2112	0.062359	0.146104	0.2521	0.3064	3.84000	1.95492e-05	100000.000	1.88508
foilsfPS01R01_00	66.6862	110.9845	0.100101	0.125112	0.1562	0.2001	3.82000	2.29246e-05	100000.000	1.52754
foilsfPS01R01_03	117.9827	100.7546	0.013624	0.128146	0.0208	0.1778	3.80000	2.28902e-05	100000.000	1.51098
foilsfPS01R01_02	90.5649	126.5711	0.091646	0.104672	0.0683	0.3603	3.80000	2.12580e-05	100000.000	1.67420
foilsfPS01R01_04	96.2318	93.6383	0.015980	0.250170	0.1181	0.0058	3.72000	2.20724e-05	100000.000	1.51276
foilsfPS01R01_05	123.0094	74.5145	0.071835	0.101416	0.1586	0.0955	3.76000	1.99104e-05	100000.000	1.76896
foilsfPS01R01_06	68.6948	103.3249	0.059445	0.205459	0.0317	0.3679	3.74000	2.32467e-05	100000.000	1.41533
foilsfPS01R01_07	88.5562	131.4844	0.066458	0.223484	0.1816	0.2071	3.73000	1.97428e-05	100000.000	1.75572
foilsfPS01R01_08	69.5033	159.8482	0.070327	0.054176	0.0556	0.1796	3.71000	2.04247e-05	100000.000	1.66753
foilsfPS01R01_09	95.0055	98.1124	0.110765	0.077035	0.2274	0.3239	3.71000	2.14917e-05	100000.000	1.56083
foilsf24R00_00	250.0000	200.0245	0.730617	0.801923	0.4011	0.0000	1.72000	1.76668e-06	100000.000	1.54333
foilsf24R00_01	250.0000	178.3157	0.708140	0.625938	0.4255	0.0000	2.09000	2.65306e-06	100000.000	1.82469
foilsf24R00_02	170.7450	130.1557	0.420314	0.256939	0.5272	0.1696	3.12000	1.13131e-05	100000.000	1.98869
foilsf24R00_03	189.4019	156.6309	0.463664	0.291258	0.5022	0.0000	2.88000	8.10162e-06	100000.000	2.06984
foilsf24R00_05	250.0000	223.8495	0.718902	0.984093	0.3904	0.0000	1.40000	1.18737e-06	100000.000	1.28126
foilsf24R00_04	163.9659	127.8262	0.389473	0.254676	0.5593	0.1551	3.23000	1.16726e-05	100000.000	2.06274
foilsf24R00_06	213.0515	156.2743	0.538541	0.329056	0.5025	0.0000	2.81000	6.61793e-06	100000.000	2.14821
foilsf24R00_07	250.0000	250.0000	0.010000	0.010000	0.9500	0.9500	3.12000	2.38502e-05	100000.000	0.73498
foilsf24R00_08	183.6422	198.3556	0.758581	0.366574	0.9500	0.0000	2.84000	1.10820e-05	100000.000	1.73180
foilsf24R00_09	244.4289	169.4559	0.604118	0.366983	0.4960	0.0000	2.67000	5.85087e-06	100000.000	2.08491
foilsf24R01_00	181.9566	133.8185	0.442035	0.301241	0.5409	0.0000	3.09000	1.05261e-05	100000.000	2.03739
foilsf24R01_02	103.8260	149.8631	0.929440	0.171524	0.9500	0.9500	3.08000	2.24733e-05	100000.000	0.83267
foilsf24R01_01	151.0726	77.8841	0.166642	0.294277	0.6946	0.3898	3.48000	1.91592e-05	100000.000	1.56408
foilsf24R01_03	134.7705	122.8625	0.197162	0.306685	0.9500	0.5885	3.40000	2.18025e-05	100000.000	1.21975
foilsf24R01_04	250.0000	224.8805	0.689420	0.830482	0.3802	0.0000	1.54000	1.59427e-06	100000.000	1.38057
foilsf24R01_06	50.0000	142.2875	0.327476	0.568987	0.9500	0.9500	3.09000	2.13028e-05	100000.000	0.95972
foilsf24R01_08	50.0000	50.0000	0.328879	0.507449	0.9500	0.9500	3.20000	2.30603e-05	100000.000	0.89397
foilsf24R01_05	250.0000	250.0000	0.878113	0.754350	0.0000	0.0000	0.71200	8.96035e-07	100000.000	0.62240
foilsf24R01_07	172.4538	126.2287	0.403328	0.299944	0.5649	0.0000	3.20000	1.16731e-05	100000.000	2.03269
foilsf24R01_09	50.0000	100.1093	0.330661	0.514269	0.9500	0.9500	3.25000	2.40062e-05	100000.000	0.84938
foilsf26R00_06	250.0000	161.3028	0.615795	0.412711	0.4561	0.0000	2.58000	5.33216e-06	100000.000	2.04678
foilsf26R00_03	210.8876	157.3608	0.529872	0.321046	0.5547	0.0000	2.90000	8.05439e-06	100000.000	2.09456
foilsf26R00_07	250.0000	188.2703	0.732306	0.771252	0.3877	0.0000	1.78000	2.15811e-06	100000.000	1.56419
foilsf26R00_01	168.0527	126.2782	0.135094	0.235645	0.2856	0.0000	3.50000	1.45725e-05	100000.000	2.04275
foilsf26R00_05	150.7679	111.6801	0.096419	0.186101	0.2373	0.0000	3.76000	1.68207e-05	100000.000	2.07793
foilsf26R00_02	182.8330	148.0660	0.159829	0.284561	0.3544	0.0885	3.26000	1.17975e-05	100000.000	2.08025
foilsf26R00_08	230.1596	156.7796	0.573364	0.355917	0.4963	0.0000	2.75000	6.12483e-06	100000.000	2.13752
foilsf26R00_04	165.1566	159.3152	0.896200	0.119984	0.7583	0.2046	3.17000	1.35563e-05	100000.000	1.81437
foilsf26R00_00	165.8110	177.4888	0.891574	0.199414	0.7360	0.0000	3.01000	1.16569e-05	100000.000	1.84431
foilsf26R00_09	190.6272	146.1448	0.485689	0.296894	0.5405	0.0000	2.99000	9.08206e-06	100000.000	2.08179
foilsf26R01_00	250.0000	183.0568	0.607943	0.412149	0.4859	0.0000	2.51000	4.71195e-06	100000.000	2.03881
foilsf26R01_02	151.0227	130.7996	0.105255	0.184515	0.2171	0.0000	3.67000	1.54937e-05	100000.000	2.12063
foilsf26R01_04	50.0000	142.0098	1.000000	0.832230	0.8556	0.0000	2.47000	1.73074e-05	100000.000	0.73926
foilsf26R01_07	160.6005	176.3894	0.115646	0.177281	0.0000	0.0000	3.39000	1.32769e-05	100000.000	2.06231
foilsf26R01_01	50.0000	154.0930	0.603330	0.402117	0.9500	0.0000	3.18000	1.78676e-05	100000.000	1.39324
foilsf26R01_03	183.9688	139.5071	0.507772	0.278229	0.6601	0.1357	3.18000	1.24933e-05	100000.000	1.93067
foilsf26R01_05	250.0000	168.2759	0.010000	0.376074	0.9500	0.0000	3.11000	1.58943e-05	100000.000	1.52057
foilsf26R01_08	148.5754	145.0441	0.101753	0.165368	0.0000	0.0000	3.65000	1.57684e-05	100000.000	2.07316
foilsf26R01_09	199.7778	152.0958	0.489032	0.287627	0.6112	0.0047	3.05000	1.07979e-05	100000.000	1.97021
foilsf26R01_06	250.0000	193.4804	0.711457	0.717568	0.4262	0.0000	1.90000	2.08196e-06	100000.000	1.69180
