config	rOut_0	rOut_1	rOut_2	hT_0	hT_1	hT_2	f_0	f_1	f_2	zmid	sob	flash_edep	alpha	obj
foilspf01R00_08	50.0505	85.4293	81.2036	0.068775	0.057087	0.119579	0.7766	0.8837	0.2000	0.0000	3.04000	5.74286e-07	100000.000	2.98257
foilspf01R01_00	120.0000	50.0000	50.0000	0.010000	0.150000	0.099190	0.9500	0.9500	0.0000	0.0000	2.29000	7.17316e-07	100000.000	2.21827
foilspf01R01_02	120.0000	50.0000	69.4209	0.149872	0.042905	0.097349	0.8793	0.9500	0.7383	0.0000	1.12000	2.12835e-07	100000.000	1.09872
foilspf01R03_00	54.9892	85.0099	120.0000	0.122933	0.050452	0.143019	0.5521	0.4715	0.0000	0.0000	4.09000	9.68010e-07	100000.000	3.99320
foilspf01R04_00	98.2154	86.2354	118.3592	0.102048	0.033190	0.010000	0.3352	0.1332	0.3447	0.0000	3.60000	6.60902e-07	100000.000	3.53391
foilspf02R01_00	119.2837	120.0000	120.0000	0.076395	0.050842	0.010000	0.6827	0.6088	0.4974	0.0000	2.43000	1.53482e-07	100000.000	2.41465
foilspf02R03_00	87.7676	120.0000	120.0000	0.087817	0.080582	0.071603	0.6079	0.4175	0.4903	0.0000	3.69000	4.34637e-07	100000.000	3.64654
foilspf02R04_00	50.0000	92.2241	120.0000	0.014056	0.045479	0.010000	0.8467	0.4590	0.6643	0.0000	2.76000	3.04885e-07	100000.000	2.72951
foilspf02R04_01	50.0000	102.6639	120.0000	0.062889	0.029959	0.010000	0.9333	0.6128	0.6733	0.0000	1.82000	1.54113e-07	100000.000	1.80459
foilspf02R07_00	50.0000	120.0000	109.4119	0.098345	0.076536	0.010000	0.6799	0.3792	0.0000	0.0000	3.87000	6.52930e-07	100000.000	3.80471
foilspf04R05_01	79.2102	120.0000	50.0000	0.049724	0.125198	0.010000	0.5443	0.6929	0.9478	0.0000	2.75000	2.24451e-07	100000.000	2.72755
foilspfSCANA1100	120.0000	120.0000	50.0000	0.017634	0.064432	0.150000	0.4259	0.1194	0.8648	0.0000	4.16000	8.27412e-07	100000.000	4.07726
foilspfSCANB1100	50.0000	119.9996	50.0000	0.089269	0.054417	0.150000	0.0446	0.2906	0.9500	0.0000	3.99000	6.34321e-07	100000.000	3.92657
foilspfbp01R00_03	50.0000	102.1709	50.0000	0.010000	0.064308	0.150000	0.4315	0.0000	0.0000	0.0000	4.29000	1.22711e-06	100000.000	4.16729
foilspfbp01R00_08	53.0296	72.2646	52.1629	0.099834	0.061947	0.018904	0.3548	0.6322	0.6499	0.0000	2.77000	4.77822e-07	100000.000	2.72222
foilspfbp01R00_06	50.0000	116.6368	120.0000	0.010000	0.059068	0.022477	0.4069	0.7549	0.6473	0.0000	2.03000	1.54129e-07	100000.000	2.01459
foilspfbp01R00_02	119.9645	117.0833	120.0000	0.120948	0.049091	0.010000	0.3676	0.7647	0.7000	0.0000	2.35000	1.63402e-07	100000.000	2.33366
foilspfbp01R00_00	50.0000	115.7596	120.0000	0.101194	0.064299	0.010000	0.3204	0.7395	0.6647	0.0000	2.71000	3.04995e-07	100000.000	2.67950
foilspfbp01R00_04	50.0000	50.0000	71.9937	0.150000	0.066063	0.010000	0.3002	0.6920	0.6431	0.0000	2.22000	5.28800e-07	100000.000	2.16712
foilspfbp01R00_01	50.0000	111.1732	100.3973	0.046518	0.065513	0.057054	0.3435	0.5707	0.5880	0.0000	3.41000	3.50107e-07	100000.000	3.37499
foilspfbp01R00_09	91.9967	119.0671	91.1483	0.148322	0.012213	0.042727	0.0000	0.7284	0.6846	0.0000	2.97000	4.26222e-07	100000.000	2.92738
foilspfbp01R00_07	80.2264	99.5191	101.0730	0.150000	0.073203	0.010000	0.2326	0.6267	0.6718	0.0000	3.39000	4.51334e-07	100000.000	3.34487
foilspfbp01R00_05	120.0000	120.0000	120.0000	0.037689	0.051115	0.010000	0.0596	0.8152	0.6802	0.0000	2.17000	1.87841e-07	100000.000	2.15122
foilspfbp01R04_02	120.0000	104.1284	93.2000	0.089187	0.077630	0.044153	0.8244	0.6222	0.7509	0.0000	2.89000	2.40487e-07	100000.000	2.86595
foilspfbp01R01_00	50.0000	86.2858	120.0000	0.054834	0.076550	0.010000	0.0000	0.6451	0.3132	0.0000	3.42000	4.87245e-07	100000.000	3.37128
foilspfbp01R03_00	120.0000	120.0000	120.0000	0.010000	0.150000	0.010000	0.9500	0.7088	0.6708	0.0000	2.38000	1.48766e-07	100000.000	2.36512
foilspfbp01R02_00	120.0000	120.0000	120.0000	0.150000	0.150000	0.010000	0.9500	0.8526	0.9500	0.0000	1.24000	8.87448e-08	100000.000	1.23113
foilspfbp01R04_00	120.0000	120.0000	50.0000	0.060698	0.067930	0.023817	0.9500	0.7435	0.8908	0.0000	1.74000	1.28437e-07	100000.000	1.72716
foilspfbp01R02_01	58.0825	107.9912	90.6334	0.150000	0.079605	0.020854	0.0000	0.0639	0.9500	0.0000	3.95000	9.26760e-07	100000.000	3.85732
foilspfbp01R04_01	120.0000	106.0509	79.6924	0.125003	0.076575	0.093922	0.9500	0.5261	0.7574	0.0000	3.36000	3.24084e-07	100000.000	3.32759
foilspfbp01R05_00	120.0000	106.5171	82.6903	0.059445	0.088344	0.138090	0.0344	0.4299	0.3678	0.0000	4.04000	8.04998e-07	100000.000	3.95950
foilspfbp01R06_00	120.0000	100.9441	120.0000	0.043996	0.111736	0.078785	0.3386	0.6157	0.5607	0.0000	3.45000	3.23131e-07	100000.000	3.41769
foilspfbp01R07_00	120.0000	99.2729	120.0000	0.031226	0.096310	0.023849	0.7837	0.7693	0.7573	0.0000	2.23000	1.25731e-07	100000.000	2.21743
foilspfbp02R00_03	120.0000	102.4293	76.1881	0.082549	0.093495	0.010000	0.6355	0.4894	0.2195	0.0000	3.69000	5.22834e-07	100000.000	3.63772
foilspfbp02R00_02	120.0000	106.0944	97.1501	0.045628	0.100273	0.010000	0.5887	0.6682	0.3722	0.0000	3.15000	3.23778e-07	100000.000	3.11762
foilspfbp02R00_00	50.0000	100.6351	50.0000	0.077707	0.089932	0.150000	0.9500	0.2650	0.5799	0.0000	4.10000	9.22001e-07	100000.000	4.00780
foilspfbp02R00_01	89.8187	117.6449	91.5927	0.010000	0.135932	0.010000	0.8713	0.8981	0.7642	0.0000	1.44000	1.08908e-07	100000.000	1.42911
foilspfbp02R00_06	53.3178	109.9613	63.9341	0.010000	0.127805	0.099121	0.9500	0.8460	0.9500	0.0000	1.81000	1.28535e-07	100000.000	1.79715
foilspfbp02R00_09	119.5632	106.4093	68.5407	0.065652	0.094103	0.010000	0.5949	0.5798	0.3270	0.0000	3.43000	4.09393e-07	100000.000	3.38906
foilspfbp02R00_05	120.0000	98.2220	53.7294	0.070886	0.092340	0.059630	0.8908	0.2332	0.1571	0.0000	4.08000	1.05279e-06	100000.000	3.97472
foilspfbp02R00_08	50.0000	102.8571	60.1638	0.063829	0.095836	0.150000	0.9500	0.5204	0.7201	0.0000	3.69000	4.76491e-07	100000.000	3.64235
foilspfbp02R00_04	96.5711	109.6045	88.6904	0.010000	0.116635	0.010000	0.7013	0.7679	0.5351	0.0000	2.63000	1.73455e-07	100000.000	2.61265
foilspfbp02R00_07	99.8206	108.6483	119.9812	0.010000	0.116397	0.010000	0.7147	0.7738	0.6183	0.0000	2.31000	1.48314e-07	100000.000	2.29517
foilspfbp02R01_00	110.0740	120.0000	120.0000	0.088175	0.035187	0.150000	0.9500	0.9500	0.9500	0.0000	0.45300	5.57829e-08	100000.000	0.44742
foilspfbp02R02_00	50.0000	100.8896	120.0000	0.010000	0.100425	0.150000	0.8751	0.6478	0.8418	0.0000	2.87000	2.41791e-07	100000.000	2.84582
foilspfbp02R08_00	50.0000	105.2635	63.7523	0.010000	0.107068	0.145720	0.3242	0.3662	0.5428	0.0000	4.05000	7.27080e-07	100000.000	3.97729
foilspfbp02R03_00	120.0000	96.9893	120.0000	0.010000	0.061553	0.136885	0.0000	0.0000	0.9500	0.0000	4.09000	7.87270e-07	100000.000	4.01127
foilspfbp02R05_01	69.7101	118.7438	120.0000	0.010000	0.088141	0.150000	0.9500	0.7447	0.9500	0.0000	1.82000	1.04985e-07	100000.000	1.80950
foilspfbp02R05_02	114.5907	117.9738	120.0000	0.010000	0.113429	0.010000	0.4530	0.5772	0.8661	0.0000	2.96000	2.37774e-07	100000.000	2.93622
foilspfbp02R07_00	120.0000	120.0000	120.0000	0.150000	0.071732	0.010000	0.9500	0.7132	0.9500	0.0000	1.65000	1.21715e-07	100000.000	1.63783
foilspfbp02R06_00	120.0000	116.6976	120.0000	0.010000	0.107078	0.010000	0.1190	0.4356	0.9500	0.0000	3.56000	5.04827e-07	100000.000	3.50952
foilspfbp02R04_00	120.0000	108.9233	120.0000	0.150000	0.055045	0.150000	0.0000	0.6747	0.0000	0.0000	3.78000	8.82346e-07	100000.000	3.69177
foilspfbp02R05_00	50.0000	120.0000	50.0000	0.010000	0.100627	0.010000	0.0000	0.2792	0.9500	0.0000	3.92000	6.92387e-07	100000.000	3.85076
foilspfbp03R00_09	120.0000	116.8346	92.6462	0.150000	0.083820	0.150000	0.5420	0.4432	0.6221	0.0000	3.49000	5.22409e-07	100000.000	3.43776
foilspfbp03R00_02	120.0000	120.0000	86.0093	0.150000	0.042739	0.150000	0.6101	0.3601	0.4177	0.0000	3.87000	6.78542e-07	100000.000	3.80215
foilspfbp03R00_00	120.0000	110.6908	120.0000	0.010000	0.085171	0.150000	0.7435	0.8775	0.9280	0.0000	1.21000	6.62583e-08	100000.000	1.20337
foilspfbp03R00_03	120.0000	103.1915	103.2474	0.010000	0.111286	0.150000	0.5959	0.8244	0.9070	0.0000	2.03000	1.21540e-07	100000.000	2.01785
foilspfbp03R00_01	120.0000	110.6145	74.5356	0.010000	0.143218	0.150000	0.6719	0.6669	0.8069	0.0000	3.12000	3.09548e-07	100000.000	3.08905
foilspfbp03R00_08	102.6641	119.2858	94.8411	0.150000	0.021324	0.150000	0.8246	0.4602	0.5087	0.0000	3.47000	3.96565e-07	100000.000	3.43034
foilspfbp03R00_06	120.0000	79.2439	120.0000	0.010000	0.150000	0.149620	0.4684	0.9500	0.9500	0.0000	1.86000	1.04984e-07	100000.000	1.84950
foilspfbp03R00_04	50.0000	115.1097	82.8988	0.150000	0.057335	0.150000	0.4074	0.3042	0.2495	0.0000	4.15000	9.47697e-07	100000.000	4.05523
foilspfbp03R00_05	120.0000	120.0000	120.0000	0.010000	0.069171	0.150000	0.8535	0.9064	0.9321	0.0000	0.78100	8.88390e-08	100000.000	0.77212
foilspfbp03R00_07	120.0000	119.9815	112.4165	0.010000	0.081171	0.150000	0.8232	0.7869	0.8567	0.0000	1.73000	1.09583e-07	100000.000	1.71904
foilspfbp03R01_00	50.0000	116.1459	60.1903	0.010000	0.019191	0.133201	0.0000	0.0385	0.7161	0.0000	3.60000	6.17024e-07	100000.000	3.53830
foilspfbp03R03_00	50.0000	111.2761	120.0000	0.010000	0.055477	0.098943	0.0000	0.1705	0.1938	0.0000	4.30000	8.36538e-07	100000.000	4.21635
foilspfbp03R02_00	50.0000	120.0000	50.0000	0.010000	0.150000	0.010000	0.9500	0.4563	0.4462	0.0000	3.68000	6.61591e-07	100000.000	3.61384
foilspfbp03R05_00	50.0000	113.9987	50.0000	0.010000	0.132966	0.010000	0.9500	0.6345	0.5139	0.0000	3.28000	3.68112e-07	100000.000	3.24319
foilspfbp03R04_01	120.0000	120.0000	120.0000	0.010000	0.073982	0.129862	0.9320	0.6832	0.7737	0.0000	2.26000	1.28323e-07	100000.000	2.24717
foilspfbp03R04_00	120.0000	120.0000	120.0000	0.010000	0.041988	0.150000	0.9500	0.5544	0.6336	0.0000	2.91000	2.37433e-07	100000.000	2.88626
foilspfbp03R06_00	120.0000	80.6164	103.7329	0.010000	0.145391	0.050567	0.6922	0.4504	0.9500	0.0000	3.69000	6.27873e-07	100000.000	3.62721
foilspfbp03R03_01	50.0000	115.1192	50.0000	0.139093	0.010000	0.150000	0.9500	0.0017	0.9500	0.0000	3.49000	5.62940e-07	100000.000	3.43371
foilspfbp03R06_01	61.2894	116.0999	67.6164	0.027647	0.058049	0.150000	0.9500	0.6251	0.1077	0.0000	3.91000	8.26403e-07	100000.000	3.82736
foilspfbp03R07_00	103.3609	113.9601	113.8692	0.048628	0.010000	0.150000	0.9500	0.8737	0.3994	0.0000	2.42000	2.50020e-07	100000.000	2.39500
foilspfbp04R00_06	117.9080	99.4010	91.8239	0.010000	0.076005	0.068691	0.4445	0.9500	0.7516	0.0000	1.57000	1.03465e-07	100000.000	1.55965
foilspfbp04R00_03	105.6134	112.4811	120.0000	0.097245	0.056618	0.149222	0.9500	0.7472	0.8819	0.0000	1.82000	1.26120e-07	100000.000	1.80739
foilspfbp04R00_01	120.0000	84.8600	81.7025	0.010000	0.120336	0.068515	0.0000	0.7732	0.7012	0.0000	3.23000	2.97568e-07	100000.000	3.20024
foilspfbp04R00_07	61.0436	109.5600	107.2912	0.037263	0.032391	0.150000	0.9311	0.7246	0.8024	0.0000	1.95000	1.32676e-07	100000.000	1.93673
foilspfbp04R00_02	50.0000	120.0000	72.4444	0.010401	0.089681	0.123521	0.9500	0.2744	0.9500	0.0000	3.87000	5.94411e-07	100000.000	3.81056
foilspfbp04R00_08	90.7272	91.8798	105.9546	0.014726	0.095595	0.079375	0.1931	0.5539	0.5878	0.0000	3.71000	4.95650e-07	100000.000	3.66044
foilspfbp04R00_00	106.2530	110.0480	120.0000	0.092045	0.038819	0.150000	0.9500	0.8727	0.8982	0.0000	1.06000	8.54947e-08	100000.000	1.05145
foilspfbp04R00_05	120.0000	85.2243	98.7756	0.010000	0.116605	0.051241	0.1231	0.9178	0.7478	0.0000	2.40000	1.96436e-07	100000.000	2.38036
foilspfbp04R00_04	50.0000	100.9188	107.6942	0.096658	0.055635	0.096028	0.0006	0.2308	0.0000	0.0000	4.33000	1.03775e-06	100000.000	4.22623
foilspfbp04R00_09	54.7015	93.3334	105.3630	0.013777	0.075482	0.101718	0.0147	0.3832	0.5460	0.0000	4.00000	6.37246e-07	100000.000	3.93628
foilspfbp04R04_00	120.0000	100.9471	120.0000	0.150000	0.078669	0.010000	0.0000	0.9500	0.9500	0.0000	2.89000	4.49974e-07	100000.000	2.84500
foilspfbp04R05_00	50.0000	69.8613	120.0000	0.010000	0.062773	0.119401	0.6218	0.0454	0.0000	0.0000	4.24000	1.12643e-06	100000.000	4.12736
foilspfbp04R01_00	94.3364	117.8176	102.4667	0.075874	0.084034	0.135021	0.9500	0.5287	0.9500	0.0000	2.95000	2.36085e-07	100000.000	2.92639
foilspfbp04R02_00	120.0000	99.5802	120.0000	0.126394	0.084698	0.010459	0.3866	0.9500	0.9500	0.0000	2.15000	1.47579e-07	100000.000	2.13524
foilspfbp04R03_00	120.0000	100.3325	120.0000	0.092683	0.085544	0.084974	0.9038	0.9500	0.9500	0.0000	0.79600	6.70975e-08	100000.000	0.78929
foilspfbp04R06_00	120.0000	70.3730	61.6044	0.010000	0.150000	0.138097	0.0000	0.8039	0.9500	0.0000	3.05000	3.77220e-07	100000.000	3.01228
foilspfbp04R02_01	73.4228	94.7355	120.0000	0.149999	0.057787	0.084864	0.0000	0.0000	0.0000	0.0000	4.16000	1.09481e-06	100000.000	4.05052
foilspfbp04R06_01	53.0694	98.8366	116.9752	0.049118	0.092409	0.047338	0.6870	0.4997	0.6100	0.0000	3.62000	4.09134e-07	100000.000	3.57909
foilspfbp04R08_00	120.0000	120.0000	120.0000	0.091218	0.092460	0.065175	0.9500	0.7782	0.7567	0.0000	1.81000	9.28274e-08	100000.000	1.80072
foilspfbp04R07_00	120.0000	62.7417	120.0000	0.016743	0.062956	0.119186	0.9500	0.0000	0.7939	0.0000	3.88000	8.79892e-07	100000.000	3.79201
foilspfbpx01R00_04	150.0000	102.5744	150.0000	0.052525	0.094368	0.070760	0.2525	0.5541	0.7274	0.0000	3.33000	3.03930e-07	100000.000	3.29961
foilspfbpx01R00_06	150.0000	103.1654	150.0000	0.010000	0.052225	0.111071	0.9500	0.0137	0.0000	0.0000	4.25000	1.01367e-06	100000.000	4.14863
foilspfbpx01R00_07	150.0000	93.7932	150.0000	0.150000	0.089715	0.010000	0.9500	0.2446	0.0000	0.0000	3.87000	8.75983e-07	100000.000	3.78240
foilspfbpx01R00_10	30.0000	118.9182	30.0000	0.150000	0.067574	0.128751	0.9500	0.5993	0.5310	0.0000	3.39000	5.03179e-07	100000.000	3.33968
foilspfbpx01R00_15	103.9877	95.9144	41.2410	0.150000	0.077697	0.099706	0.0000	0.2922	0.9500	0.0000	3.80000	9.44143e-07	100000.000	3.70559
foilspfbpx01R00_00	150.0000	98.7411	150.0000	0.022857	0.150000	0.150000	0.5100	0.8810	0.9500	0.0000	1.78000	1.08919e-07	100000.000	1.76911
foilspfbpx01R00_05	30.0000	105.8909	30.0000	0.150000	0.035812	0.150000	0.9500	0.5826	0.0000	0.0000	3.40000	7.68876e-07	100000.000	3.32311
foilspfbpx01R00_18	150.0000	98.9687	150.0000	0.018263	0.150000	0.150000	0.4881	0.7606	0.9124	0.0000	2.45000	1.67192e-07	100000.000	2.43328
foilspfbpx01R00_02	30.0000	101.6047	30.0000	0.010000	0.109099	0.095645	0.0000	0.5729	0.5651	0.0000	3.74000	5.94500e-07	100000.000	3.68055
foilspfbpx01R00_03	30.0000	99.6677	30.0000	0.010000	0.095486	0.150000	0.0000	0.0000	0.9500	0.0000	4.14000	1.01302e-06	100000.000	4.03870
foilspfbpx01R00_01	150.0000	100.9357	150.0000	0.034652	0.110476	0.093349	0.3810	0.6431	0.8824	0.0000	2.94000	2.27073e-07	100000.000	2.91729
foilspfbpx01R00_08	150.0000	99.8129	150.0000	0.029009	0.107442	0.150000	0.5444	0.9500	0.9500	0.0000	1.21000	9.48515e-08	100000.000	1.20051
foilspfbpx01R00_13	135.2577	143.3045	129.1117	0.150000	0.010000	0.117414	0.6682	0.8457	0.3769	0.0000	1.96000	1.75372e-07	100000.000	1.94246
foilspfbpx01R00_16	38.9702	118.9835	37.6271	0.150000	0.050553	0.099419	0.7926	0.7821	0.4827	0.0000	2.63000	4.17714e-07	100000.000	2.58823
foilspfbpx01R00_12	36.4246	132.2989	53.0504	0.150000	0.070855	0.130157	0.9500	0.7442	0.7236	0.0000	2.46000	2.55606e-07	100000.000	2.43444
foilspfbpx01R00_19	115.1133	137.3805	62.5011	0.118406	0.054743	0.079556	0.5001	0.8496	0.8274	0.0000	1.76000	1.22090e-07	100000.000	1.74779
foilspfbpx01R00_14	139.6351	105.9411	30.0000	0.150000	0.076593	0.119517	0.9500	0.3243	0.9500	0.0000	3.59000	5.89192e-07	100000.000	3.53108
foilspfbpx01R00_11	150.0000	147.5895	119.0798	0.150000	0.010000	0.117252	0.6404	0.8100	0.1597	0.0000	2.50000	4.07140e-07	100000.000	2.45929
foilspfbpx01R00_09	150.0000	149.6612	150.0000	0.010000	0.067275	0.136872	0.0000	0.0000	0.0000	0.0000	3.86000	1.20782e-06	100000.000	3.73922
foilspfbpx01R00_17	122.9283	109.8232	30.0000	0.150000	0.010000	0.150000	0.9500	0.7894	0.2761	0.0000	1.81000	4.80251e-07	100000.000	1.76197
foilspfbpx01R05_03	143.8015	127.9466	118.3772	0.127568	0.100686	0.026494	0.6986	0.7228	0.4722	0.0000	2.25000	1.71087e-07	100000.000	2.23289
foilspfbpx01R02_00	30.0000	150.0000	30.0000	0.081154	0.081825	0.108696	0.0000	0.0000	0.9500	0.0000	3.92000	9.51713e-07	100000.000	3.82483
foilspfbpx01R05_02	80.6063	81.2490	105.8938	0.102467	0.134941	0.010000	0.3570	0.7668	0.9281	0.0000	3.08000	3.73855e-07	100000.000	3.04261
foilspfbpx01R01_00	150.0000	143.3817	30.0000	0.150000	0.010000	0.119425	0.1785	0.7702	0.0240	0.0000	2.69000	5.99646e-07	100000.000	2.63004
foilspfbpx01R02_01	30.0000	150.0000	66.8397	0.150000	0.065658	0.073429	0.0000	0.0000	0.0000	0.0000	3.98000	1.09705e-06	100000.000	3.87030
foilspfbpx01R03_01	45.4361	111.3262	136.6098	0.010000	0.069493	0.104312	0.3789	0.0000	0.9500	0.0000	4.01000	7.60152e-07	100000.000	3.93398
foilspfbpx01R03_00	30.0000	141.4516	123.9902	0.010000	0.084293	0.106243	0.0000	0.0000	0.9500	0.0000	3.76000	8.19156e-07	100000.000	3.67808
foilspfbpx01R05_01	150.0000	107.5383	150.0000	0.054264	0.079584	0.010000	0.7120	0.9500	0.9500	0.0000	0.75800	8.12581e-08	100000.000	0.74987
foilspfbpx01R05_00	150.0000	79.5151	150.0000	0.087561	0.133657	0.010000	0.7067	0.8905	0.9500	0.0000	1.78000	1.17237e-07	100000.000	1.76828
foilspfbpx01R07_00	30.0000	135.0063	100.7915	0.030088	0.076766	0.134031	0.2010	0.0000	0.0000	0.0000	4.14000	1.27540e-06	100000.000	4.01246
foilspfbpx01R04_00	141.7400	85.2456	134.1495	0.092203	0.150000	0.028572	0.3502	0.8009	0.9023	0.0000	2.87000	2.37595e-07	100000.000	2.84624
foilspfbpx01R09_00	150.0000	123.0761	128.5235	0.150000	0.077395	0.045039	0.5914	0.9500	0.9500	0.0000	0.96400	9.81466e-08	100000.000	0.95419
foilspfbpx01R10_00	150.0000	139.9383	78.2793	0.150000	0.075208	0.026759	0.0000	0.6139	0.7833	0.0000	2.82000	4.63435e-07	100000.000	2.77366
foilspfbpx01R12_00	150.0000	86.4798	145.8871	0.010000	0.100233	0.027856	0.0000	0.0000	0.1703	0.0000	4.22000	1.13383e-06	100000.000	4.10662
foilspfbpx01R06_00	30.0000	150.0000	91.3079	0.011179	0.036556	0.150000	0.1114	0.4534	0.0000	0.0000	3.83000	8.37739e-07	100000.000	3.74623
foilspfbpx01R09_01	120.5657	119.1272	73.7912	0.131101	0.088052	0.010000	0.5309	0.9489	0.9500	0.0000	1.50000	1.09157e-07	100000.000	1.48908
foilspfbpx01R08_00	143.4721	85.9295	105.6118	0.064145	0.150000	0.010000	0.8479	0.9295	0.9500	0.0000	1.26000	9.26526e-08	100000.000	1.25073
foilspfbpx01R08_01	30.0000	100.7493	149.8985	0.010000	0.039654	0.150000	0.4430	0.2515	0.0170	0.0000	4.06000	1.03595e-06	100000.000	3.95640
foilspfbpx01R11_01	30.0000	127.7567	116.0053	0.148531	0.053252	0.100158	0.6485	0.0000	0.0000	0.0000	4.22000	1.11120e-06	100000.000	4.10888
foilspfbpx01R11_00	30.0000	111.9033	109.2277	0.010000	0.073634	0.119919	0.4066	0.0000	0.3586	0.0000	4.31000	1.10379e-06	100000.000	4.19962
foilspfbpz01R00_04	30.0000	106.8200	100.5902	0.150000	0.057967	0.098255	0.9500	0.4000	0.0629	68.0186	4.11000	8.87513e-07	100000.000	4.02125
foilspfbpz01R00_13	99.5983	122.2369	127.6980	0.063423	0.108091	0.058898	0.8756	0.7383	0.8791	119.8999	1.95000	1.09587e-07	100000.000	1.93904
foilspfbpz01R00_08	105.0010	99.9855	150.0000	0.010000	0.120813	0.134095	0.8058	0.8433	0.9500	-111.5143	1.60000	8.30851e-08	100000.000	1.59169
foilspfbpz01R00_05	103.3475	123.4524	92.3323	0.094111	0.085978	0.069275	0.9500	0.5583	0.5733	106.5885	3.26000	3.33638e-07	100000.000	3.22664
foilspfbpz01R00_09	150.0000	67.3446	150.0000	0.045164	0.147547	0.056352	0.0000	0.6771	0.8101	-87.3295	3.44000	5.18424e-07	100000.000	3.38816
foilspfbpz01R00_00	30.0000	105.2160	98.2131	0.150000	0.060848	0.093581	0.9500	0.4015	0.1524	-76.5129	4.07000	8.06934e-07	100000.000	3.98931
foilspfbpz01R00_15	54.5836	109.7741	73.4078	0.108312	0.086887	0.062762	0.9500	0.4561	0.6293	129.6370	3.73000	4.69192e-07	100000.000	3.68308
foilspfbpz01R00_07	30.0000	115.0720	59.2608	0.010000	0.079816	0.111740	0.0000	0.2361	0.7361	117.5005	4.15000	7.90808e-07	100000.000	4.07092
foilspfbpz01R00_06	150.0000	68.1175	150.0000	0.046174	0.146377	0.047083	0.0000	0.6658	0.8664	125.1847	3.68000	6.13109e-07	100000.000	3.61869
foilspfbpz01R00_10	102.6131	96.9007	150.0000	0.010000	0.117409	0.149890	0.7850	0.8785	0.9500	108.0922	1.48000	8.62976e-08	100000.000	1.47137
foilspfbpz01R00_14	119.7451	117.2542	99.3123	0.150000	0.061087	0.094406	0.9500	0.4927	0.2747	-63.3780	3.70000	5.60135e-07	100000.000	3.64399
foilspfbpz01R00_16	106.0569	120.5217	116.4619	0.053924	0.097659	0.061730	0.9259	0.6670	0.7606	0.7573	2.39000	1.11991e-07	100000.000	2.37880
foilspfbpz01R00_19	84.2248	103.1872	150.0000	0.010000	0.010000	0.150000	0.6902	0.9377	0.9500	-92.3524	0.34900	6.59019e-08	100000.000	0.34241
foilspfbpz01R00_18	83.7405	121.1916	116.4236	0.051430	0.068119	0.080040	0.6826	0.7255	0.7574	53.1777	2.23000	1.20556e-07	100000.000	2.21794
foilspfbpz01R00_02	97.2487	97.8900	150.0000	0.010000	0.095472	0.131886	0.7912	0.9165	0.9500	0.6556	0.99700	9.33595e-08	100000.000	0.98766
foilspfbpz01R00_03	103.0915	97.5273	150.0000	0.010000	0.121454	0.144438	0.7705	0.8572	0.9500	0.6322	1.63000	1.06911e-07	100000.000	1.61931
foilspfbpz01R00_11	30.0000	114.5457	59.0972	0.010000	0.077385	0.111627	0.0000	0.2380	0.7025	-85.6178	4.06000	7.01652e-07	100000.000	3.98983
foilspfbpz01R00_12	98.6523	126.0678	106.1851	0.048109	0.121049	0.045004	0.8967	0.5835	0.6851	-149.7981	2.74000	2.13201e-07	100000.000	2.71868
foilspfbpz01R00_17	115.4414	120.4139	138.2892	0.065613	0.044170	0.107264	0.4598	0.7232	0.6707	-129.1722	2.16000	1.36362e-07	100000.000	2.14636
foilspfbpz01R00_01	103.6390	123.7297	92.2868	0.078616	0.094637	0.064292	0.9500	0.5797	0.6273	-83.7408	3.02000	2.36853e-07	100000.000	2.99631
foilspfbpz01R01_00	150.0000	105.0739	109.7138	0.039211	0.065276	0.071432	0.3491	0.0000	0.0000	-94.4340	4.19000	1.03475e-06	100000.000	4.08652
foilspfbpz01R02_00	97.3285	118.7436	87.5919	0.122288	0.069574	0.074437	0.9500	0.4965	0.4873	-150.0000	3.43000	4.15727e-07	100000.000	3.38843
foilspfbpz01R03_03	107.4719	109.9291	150.0000	0.010000	0.059704	0.099214	0.8833	0.7942	0.9500	-150.0000	1.16000	9.78618e-08	100000.000	1.15021
foilspfbpz01R04_00	104.1461	99.1062	129.3963	0.010000	0.126847	0.150000	0.5888	0.9245	0.9500	-150.0000	1.41000	8.93196e-08	100000.000	1.40107
foilspfbpz01R03_06	95.3049	59.7502	142.0440	0.042311	0.150000	0.150000	0.4910	0.9500	0.9069	-140.8228	1.84000	1.92903e-07	100000.000	1.82071
foilspfbpz01R03_04	30.0000	114.1726	84.8340	0.083455	0.046405	0.096593	0.4873	0.3310	0.6564	-150.0000	3.77000	4.68997e-07	100000.000	3.72310
foilspfbpz01R03_05	35.5945	118.6166	124.1429	0.074585	0.055953	0.039757	0.1678	0.2457	0.4046	114.0700	4.10000	6.92865e-07	100000.000	4.03071
foilspfbpz01R04_01	30.0000	108.5881	150.0000	0.010000	0.086499	0.010000	0.9089	0.0967	0.1308	-150.0000	4.04000	9.32340e-07	100000.000	3.94677
foilspfbpz01R04_08	109.7812	100.5841	134.4605	0.010000	0.149804	0.123837	0.7552	0.6811	0.9500	-150.0000	2.64000	1.77821e-07	100000.000	2.62222
foilspfbpz01R04_02	131.8685	99.8317	144.4140	0.023502	0.144849	0.018050	0.8775	0.5607	0.9500	150.0000	3.25000	2.89491e-07	100000.000	3.22105
foilspfbpz01R03_00	150.0000	59.0008	150.0000	0.124681	0.133234	0.150000	0.0000	0.9272	0.6748	150.0000	3.23000	4.41127e-07	100000.000	3.18589
foilspfbpz01R03_01	150.0000	122.0167	150.0000	0.057482	0.062667	0.010000	0.1573	0.1247	0.0000	73.8425	4.04000	9.08667e-07	100000.000	3.94913
foilspfbpz01R04_04	109.0415	99.2435	131.0036	0.010000	0.147688	0.150000	0.6096	0.8206	0.9500	-150.0000	2.07000	1.23458e-07	100000.000	2.05765
foilspfbpz01R04_03	150.0000	110.1932	150.0000	0.025991	0.089130	0.010000	0.6535	0.1267	0.3822	150.0000	4.13000	8.92842e-07	100000.000	4.04072
foilspfbpz01R03_02	150.0000	76.7961	64.1446	0.040908	0.150000	0.136074	0.0000	0.6895	0.1321	150.0000	3.98000	9.76420e-07	100000.000	3.88236
foilspfbpz01R03_07	59.7493	72.9096	139.6682	0.084169	0.150000	0.150000	0.6179	0.9500	0.9500	-120.8806	1.67000	2.17605e-07	100000.000	1.64824
foilspfbpz01R04_06	86.0918	145.9320	86.7857	0.121487	0.150000	0.150000	0.9500	0.7256	0.9500	-120.8590	1.63000	1.42151e-07	100000.000	1.61578
foilspfbpz01R04_05	133.0115	106.7015	136.2780	0.042962	0.137458	0.026576	0.8837	0.6895	0.9500	70.2055	2.48000	1.64790e-07	100000.000	2.46352
foilspfbpz01R04_07	35.5738	104.8581	120.0602	0.010000	0.113092	0.010000	0.9500	0.3473	0.6196	133.1561	3.90000	6.01543e-07	100000.000	3.83985
foilspfbpz01R05_00	30.0000	118.9443	150.0000	0.053947	0.080574	0.010000	0.2336	0.0523	0.0000	150.0000	4.25000	1.06875e-06	100000.000	4.14313
foilspfbpz02R00_00	109.9404	106.4981	127.5933	0.043601	0.068515	0.078924	0.7075	0.8942	0.9500	-58.4411	1.15000	6.47680e-08	100000.000	1.14352
foilspfbpz02R00_03	34.1208	146.3281	123.3497	0.091787	0.010000	0.150000	0.9046	0.5724	0.7526	-133.4146	1.73000	1.11376e-07	100000.000	1.71886
foilspfbpz02R00_02	117.0226	95.8918	129.9922	0.010000	0.150000	0.150000	0.5653	0.9167	0.9500	116.1615	1.72000	1.05911e-07	100000.000	1.70941
foilspfbpz02R00_01	126.8474	103.6457	148.4485	0.061755	0.028456	0.150000	0.1949	0.7410	0.0000	150.0000	3.39000	7.33903e-07	100000.000	3.31661
foilspfbpz03R00_10	72.9961	140.7190	109.2672	0.101059	0.063563	0.102818	0.9500	0.7171	0.8853	-7.9829	1.54000	8.01983e-08	100000.000	1.53198
foilspfbpz03R00_03	30.0000	129.4838	84.2950	0.150000	0.074467	0.143418	0.9500	0.0434	0.9500	-150.0000	3.85000	8.19008e-07	100000.000	3.76810
foilspfbpz03R00_07	30.0000	85.2761	150.0000	0.123671	0.099642	0.081485	0.0000	0.0000	0.8657	150.0000	4.08000	1.01409e-06	100000.000	3.97859
foilspfbpz03R00_04	30.0000	130.4866	30.3372	0.121964	0.066981	0.113461	0.0000	0.4594	0.0000	150.0000	4.11000	9.21645e-07	100000.000	4.01784
foilspfbpz03R00_00	30.0000	94.3054	150.0000	0.021819	0.104817	0.037152	0.0000	0.1545	0.6556	150.0000	4.11000	9.10576e-07	100000.000	4.01894
foilspfbpz03R00_02	52.3751	120.4296	116.2356	0.018866	0.125210	0.023594	0.9500	0.5087	0.6575	-59.1615	3.19000	2.43727e-07	100000.000	3.16563
foilspfbpz03R00_13	112.5861	109.6273	126.0896	0.033114	0.080754	0.102823	0.6814	0.8312	0.9091	-15.1918	1.60000	9.58680e-08	100000.000	1.59041
foilspfbpz03R00_01	150.0000	82.3719	145.8287	0.010000	0.079344	0.120077	0.9500	0.2541	0.0916	-150.0000	4.22000	1.03482e-06	100000.000	4.11652
foilspfbpz03R00_05	150.0000	64.8895	63.7057	0.010000	0.101489	0.150000	0.0000	0.0000	0.0497	-150.0000	3.90000	1.19576e-06	100000.000	3.78042
foilspfbpz03R00_12	149.0801	99.5668	121.6868	0.010000	0.090266	0.150000	0.5358	0.9218	0.8823	-87.7463	1.24000	1.00087e-07	100000.000	1.22999
foilspfbpz03R00_06	91.0629	136.4121	108.5501	0.110898	0.023104	0.098077	0.9500	0.8430	0.9469	10.8304	0.69600	8.13414e-08	100000.000	0.68787
foilspfbpz03R00_16	44.7648	119.9839	125.0491	0.024519	0.117057	0.026917	0.9500	0.4119	0.5832	-100.7188	3.46000	4.03574e-07	100000.000	3.41964
foilspfbpz03R00_19	56.9531	98.9582	54.7035	0.010000	0.101309	0.120674	0.0000	0.6837	0.0000	-128.5530	3.90000	8.17618e-07	100000.000	3.81824
foilspfbpz03R00_08	30.0000	91.0209	94.2398	0.010000	0.112014	0.010000	0.0000	0.2057	0.0000	-150.0000	4.03000	9.58240e-07	100000.000	3.93418
foilspfbpz03R00_11	150.0000	48.1202	150.0000	0.080794	0.084302	0.120612	0.9500	0.3422	0.0000	-150.0000	4.08000	1.05015e-06	100000.000	3.97499
foilspfbpz03R00_18	92.0982	121.7931	120.3195	0.047582	0.090034	0.067442	0.8947	0.6751	0.7867	-23.5527	2.25000	1.32299e-07	100000.000	2.23677
foilspfbpz03R00_09	30.0000	98.4073	71.9077	0.150000	0.123749	0.010000	0.0000	0.0000	0.0000	150.0000	4.06000	1.28479e-06	100000.000	3.93152
foilspfbpz03R00_15	100.9753	118.7318	124.7419	0.033107	0.089322	0.057097	0.9338	0.2940	0.6679	-135.0388	3.65000	4.63579e-07	100000.000	3.60364
foilspfbpz03R00_17	80.2127	121.6746	116.9815	0.038275	0.106938	0.056256	0.9500	0.6152	0.7526	-31.1377	2.65000	1.44766e-07	100000.000	2.63552
foilspfbpz03R00_14	139.9186	100.4821	80.9724	0.010000	0.091026	0.020818	0.0000	0.2496	0.3569	2.0496	4.13000	8.56820e-07	100000.000	4.04432
foilspfbpz03R01_00	119.6572	99.2155	131.5841	0.010000	0.130958	0.150000	0.5056	0.8582	0.9247	-55.5708	1.92000	1.22942e-07	100000.000	1.90771
foilspfbpz03R02_00	111.6485	121.8658	109.4888	0.100032	0.010000	0.057845	0.9097	0.9500	0.9500	25.8890	0.34100	5.72595e-08	100000.000	0.33527
foilspfbpz03R08_01	150.0000	35.6052	150.0000	0.039049	0.091236	0.142176	0.0000	0.0000	0.1968	150.0000	3.86000	1.21878e-06	100000.000	3.73812
foilspfbpz03R07_00	30.0000	144.5550	41.5381	0.029938	0.104754	0.150000	0.9500	0.5982	0.6897	-32.2688	3.05000	3.95025e-07	100000.000	3.01050
foilspfbpz03R03_00	30.0000	114.3512	68.3393	0.150000	0.084614	0.150000	0.5422	0.0000	0.9500	150.0000	4.20000	1.08791e-06	100000.000	4.09121
foilspfbpz03R04_00	150.0000	92.2317	145.7445	0.010000	0.122348	0.150000	0.9500	0.6534	0.5882	150.0000	3.14000	3.16196e-07	100000.000	3.10838
foilspfbpz03R05_00	140.0167	98.2294	101.1308	0.096722	0.042973	0.010000	0.4455	0.9500	0.9500	-150.0000	1.36000	1.00124e-07	100000.000	1.34999
foilspfbpz03R09_00	30.0000	144.0147	45.1209	0.093076	0.109984	0.150000	0.9500	0.5723	0.0000	-150.0000	3.74000	9.38706e-07	100000.000	3.64613
foilspfbpz03R06_00	150.0000	95.1922	150.0000	0.010000	0.099437	0.010000	0.0000	0.3076	0.6475	-150.0000	3.76000	6.06577e-07	100000.000	3.69934
foilspfbpz03R06_01	150.0000	114.0309	150.0000	0.010000	0.120799	0.150000	0.9500	0.7127	0.6990	2.2006	2.32000	1.46272e-07	100000.000	2.30537
foilspfbpz03R12_00	81.2804	95.9281	75.7234	0.025587	0.140353	0.137093	0.9500	0.5967	0.0000	150.0000	3.93000	1.08511e-06	100000.000	3.82149
foilspfbpz03R08_00	30.0000	142.7741	82.2934	0.041710	0.061895	0.150000	0.7467	0.7777	0.7098	-75.7693	2.04000	1.79000e-07	100000.000	2.02210
foilspfbpz03R10_01	30.0000	145.7184	115.1617	0.145175	0.062725	0.150000	0.9500	0.9071	0.8917	-150.0000	0.67200	8.33758e-08	100000.000	0.66366
foilspfbpz03R05_01	129.0064	133.7354	93.2607	0.043292	0.026915	0.084162	0.4500	0.4042	0.9407	-1.0914	2.68000	1.80815e-07	100000.000	2.66192
foilspfbpz03R10_00	30.0000	146.4900	43.2922	0.150000	0.069256	0.146180	0.9500	0.5077	0.8591	-150.0000	2.90000	3.16382e-07	100000.000	2.86836
foilspfbpz03R07_01	150.0000	81.5157	134.6001	0.010000	0.150000	0.150000	0.9304	0.8404	0.9500	150.0000	2.03000	1.44447e-07	100000.000	2.01556
foilspfbpz03R11_00	37.8654	146.0902	37.6332	0.110394	0.071759	0.150000	0.9500	0.3238	0.6739	-126.9338	3.65000	5.62146e-07	100000.000	3.59379
foilspfbpz03R06_02	118.6894	87.0655	92.4594	0.010000	0.148736	0.114858	0.9500	0.6499	0.4041	150.0000	3.71000	6.73775e-07	100000.000	3.64262
foilspfbpz03R07_02	134.3747	80.1633	91.7319	0.010000	0.150000	0.150000	0.9355	0.7011	0.7094	150.0000	3.29000	4.55950e-07	100000.000	3.24440
foilspfbpz03R08_02	120.8363	100.6980	127.5866	0.010000	0.073648	0.073564	0.0000	0.2329	0.4076	129.5467	4.24000	8.37814e-07	100000.000	4.15622
foilspfbpz04R00_02	57.5433	113.6690	123.9373	0.046895	0.069402	0.081280	0.4983	0.1499	0.1701	86.4420	4.29000	1.04096e-06	100000.000	4.18590
foilspfbpz04R00_01	98.5820	101.4791	96.4722	0.020751	0.057311	0.090469	0.7881	0.1572	0.0613	91.9794	4.31000	1.01541e-06	100000.000	4.20846
foilspfbpz04R00_03	75.6953	105.2724	86.2758	0.085582	0.064624	0.124244	0.7085	0.1347	0.0109	35.4760	4.31000	1.14937e-06	100000.000	4.19506
foilspfbpz04R00_06	55.4692	99.7698	115.2685	0.028682	0.098401	0.057147	0.4476	0.1301	0.0776	33.6120	4.29000	1.14616e-06	100000.000	4.17538
foilspfbpz04R00_05	45.1959	98.2452	108.9728	0.031541	0.079638	0.134582	0.5998	0.0998	0.1779	116.7215	4.25000	1.22072e-06	100000.000	4.12793
foilspfbpz04R00_14	56.8149	118.6907	83.5740	0.123445	0.072362	0.097846	0.2564	0.0155	0.3352	20.6745	4.18000	1.13354e-06	100000.000	4.06665
foilspfbpz04R00_10	92.0829	103.7044	97.6483	0.022515	0.084618	0.031251	0.0496	0.0731	0.1615	57.7591	4.33000	1.05965e-06	100000.000	4.22403
foilspfbpz04R00_19	69.0614	117.6063	105.7786	0.065355	0.050512	0.119468	0.8507	0.0431	0.3819	52.7757	4.30000	9.60425e-07	100000.000	4.20396
foilspfbpz04R00_16	112.0330	110.5929	99.2668	0.019835	0.104527	0.078632	0.6608	0.1287	0.2161	131.5208	4.21000	1.18990e-06	100000.000	4.09101
foilspfbpz04R00_07	71.9471	101.4282	114.9296	0.046938	0.080525	0.129827	0.5303	0.0591	0.2394	-14.3641	4.26000	1.19143e-06	100000.000	4.14086
foilspfbpz04R00_04	116.8352	111.8831	96.7286	0.021328	0.072434	0.119665	0.3972	0.1011	0.0045	17.6500	4.33000	1.22869e-06	100000.000	4.20713
foilspfbpz04R00_17	42.5220	118.0845	53.8757	0.093718	0.084980	0.089573	0.4736	0.1196	0.4769	83.7359	4.22000	1.05810e-06	100000.000	4.11419
foilspfbpz04R00_13	35.2066	108.4076	110.5916	0.027769	0.060309	0.110860	0.1143	0.1632	0.2313	40.9090	4.33000	9.34384e-07	100000.000	4.23656
foilspfbpz04R00_08	58.3642	125.4367	76.9292	0.073403	0.056861	0.079200	0.5690	0.1544	0.1034	134.5858	4.32000	1.02372e-06	100000.000	4.21763
foilspfbpz04R00_09	76.9484	97.5786	69.5161	0.022299	0.089093	0.131870	0.1285	0.0930	0.2697	137.3492	4.28000	1.20212e-06	100000.000	4.15979
foilspfbpz04R00_11	82.0297	127.2148	92.6797	0.049179	0.065076	0.144750	0.7252	0.0728	0.2658	31.9449	4.25000	1.10282e-06	100000.000	4.13972
foilspfbpz04R00_00	94.7342	86.3369	120.1601	0.014545	0.066471	0.132020	0.7656	0.1026	0.0894	88.5746	4.26000	1.20813e-06	100000.000	4.13919
foilspfbpz04R00_18	76.1964	112.4382	121.0012	0.013389	0.078610	0.142382	0.4665	0.0298	0.4358	82.1880	4.20000	1.09829e-06	100000.000	4.09017
foilspfbpz04R00_12	73.5985	114.9014	84.8277	0.029716	0.075886	0.087862	0.2373	0.0580	0.5354	11.4159	4.31000	9.74028e-07	100000.000	4.21260
foilspfbpz04R00_15	118.3232	104.0941	105.9846	0.084920	0.080770	0.118678	0.9176	0.1411	0.2802	117.7645	4.22000	1.09793e-06	100000.000	4.11021
foilspfbpz04R01_00	62.9547	100.6727	136.3784	0.074072	0.090925	0.074988	0.0751	0.0052	0.2210	61.3611	4.25000	1.22533e-06	100000.000	4.12747
foilspfbpz04R02_00	38.2486	115.3476	99.3278	0.079749	0.089964	0.080401	0.4043	0.0292	0.7029	88.9182	4.24000	1.01107e-06	100000.000	4.13889
foilspfbpz04R03_01	77.3699	102.7540	139.0636	0.047607	0.070237	0.073951	0.1545	0.0614	0.1313	117.0533	4.35000	1.08853e-06	100000.000	4.24115
foilspfbpz04R03_00	38.6158	107.3257	92.0236	0.101897	0.064324	0.107455	0.0715	0.1979	0.1006	26.4687	4.33000	1.09532e-06	100000.000	4.22047
foilspfbpz04R11_00	112.0512	112.6892	87.3747	0.012785	0.064666	0.122912	0.3940	0.1375	0.0995	7.6530	4.37000	1.04046e-06	100000.000	4.26595
foilspfbpz04R06_02	59.7547	117.4496	64.9426	0.040007	0.060135	0.114010	0.6185	0.1599	0.0477	-4.3106	4.35000	1.09064e-06	100000.000	4.24094
foilspfbpz04R07_00	85.6030	97.7280	97.8053	0.048629	0.061794	0.145826	0.9395	0.1384	0.1512	60.1380	4.29000	1.20033e-06	100000.000	4.16997
foilspfbpz04R04_00	38.9772	110.7075	111.1024	0.085703	0.069283	0.115549	0.0355	0.0854	0.1455	-32.3835	4.29000	1.14498e-06	100000.000	4.17550
foilspfbpz04R12_00	61.0702	112.7877	112.2216	0.109250	0.078001	0.060767	0.1095	0.1035	0.0222	117.0216	4.26000	1.20871e-06	100000.000	4.13913
foilspfbpz04R08_01	80.8087	109.2109	117.2015	0.018196	0.060448	0.141407	0.3109	0.0856	0.2130	66.6318	4.29000	1.11042e-06	100000.000	4.17896
foilspfbpz04R06_01	85.2026	111.7367	116.6593	0.031407	0.059389	0.115659	0.8649	0.0840	0.2631	11.2065	4.31000	1.01620e-06	100000.000	4.20838
foilspfbpz04R15_00	35.6310	117.1831	89.1608	0.092353	0.066694	0.095721	0.4012	0.1579	0.2443	137.3229	4.31000	1.02701e-06	100000.000	4.20730
foilspfbpz04R09_00	137.8776	115.6184	98.8796	0.010606	0.045964	0.132298	0.9046	0.0986	0.1445	95.0570	4.25000	1.05517e-06	100000.000	4.14448
foilspfbpz04R10_00	95.6198	84.6205	89.9258	0.015778	0.063027	0.115135	0.4832	0.0856	0.0652	27.2220	4.27000	1.11132e-06	100000.000	4.15887
foilspfbpz04R13_00	62.2294	106.4676	105.6050	0.067124	0.061664	0.109804	0.1523	0.1031	0.1465	95.2781	4.36000	1.09335e-06	100000.000	4.25066
foilspfbpz04R08_00	108.9099	105.5714	91.0381	0.043468	0.062770	0.108196	0.0709	0.1516	0.1083	15.2733	4.37000	1.07178e-06	100000.000	4.26282
foilspfbpz04R06_00	137.8919	113.1494	89.7217	0.013854	0.062517	0.118020	0.8199	0.0669	0.1895	-39.2146	4.32000	1.11804e-06	100000.000	4.20820
foilspfbpz04R14_01	35.9926	117.1997	87.6839	0.026138	0.071316	0.055118	0.1116	0.0649	0.0403	52.9805	4.37000	1.10432e-06	100000.000	4.25957
foilspfbpz04R05_00	30.9854	116.5184	106.6845	0.047478	0.057449	0.116584	0.1867	0.1244	0.1171	36.0794	4.35000	1.05847e-06	100000.000	4.24415
foilspfbpz04R14_00	53.9097	96.6446	113.7352	0.063432	0.075430	0.084168	0.0165	0.1343	0.1105	21.8128	4.34000	1.07827e-06	100000.000	4.23217
foilspfbpz05R00_12	92.0714	108.2313	82.1365	0.045686	0.063865	0.122250	0.7395	0.0506	0.0337	-138.8407	4.29000	1.15288e-06	100000.000	4.17471
foilspfbpz05R00_01	43.6613	105.9477	115.5248	0.030352	0.082762	0.017428	0.7415	0.0671	0.0198	109.9922	4.30000	1.04957e-06	100000.000	4.19504
foilspfbpz05R00_06	93.7966	122.9861	49.0664	0.010457	0.077675	0.120037	0.4512	0.0825	0.2223	-50.5117	4.23000	1.12023e-06	100000.000	4.11798
foilspfbpz05R00_18	57.3000	127.3629	36.1447	0.038500	0.055074	0.111650	0.0458	0.1429	0.0169	-8.1915	4.30000	1.08474e-06	100000.000	4.19153
foilspfbpz05R00_10	69.0614	117.6063	105.7786	0.065355	0.050512	0.119468	0.8507	0.0431	0.3819	52.7757	4.30000	9.44626e-07	100000.000	4.20554
foilspfbpz05R00_15	38.2968	92.1909	125.6000	0.047412	0.049494	0.129194	0.2119	0.0946	0.2242	10.1854	4.30000	1.00001e-06	100000.000	4.20000
foilspfbpz05R00_04	35.2066	108.4076	110.5916	0.027769	0.060309	0.110860	0.1143	0.1632	0.2313	40.9090	4.31000	9.27068e-07	100000.000	4.21729
foilspfbpz05R00_16	43.7080	102.1240	64.2671	0.072663	0.070711	0.135805	0.0514	0.0445	0.1475	-31.5661	4.29000	1.17281e-06	100000.000	4.17272
foilspfbpz05R00_17	64.7073	100.4419	87.9383	0.087200	0.048988	0.086161	0.0064	0.0792	0.0717	111.5816	4.33000	1.08600e-06	100000.000	4.22140
foilspfbpz05R00_05	58.3642	125.4367	76.9292	0.073403	0.056861	0.079200	0.5690	0.1544	0.1034	134.5858	4.32000	1.05294e-06	100000.000	4.21471
foilspfbpz05R00_03	92.0829	103.7044	97.6483	0.022515	0.084618	0.031251	0.0496	0.0731	0.1615	57.7591	4.34000	1.04961e-06	100000.000	4.23504
foilspfbpz05R00_11	51.5679	84.6203	146.4810	0.041612	0.088967	0.024248	0.3658	0.0703	0.1056	29.6217	4.27000	1.07681e-06	100000.000	4.16232
foilspfbpz05R00_02	116.8352	111.8831	96.7286	0.021328	0.072434	0.119665	0.3972	0.1011	0.0045	17.6500	4.34000	1.23293e-06	100000.000	4.21671
foilspfbpz05R00_14	55.4692	99.7698	115.2685	0.028682	0.098401	0.057147	0.4476	0.1301	0.0776	33.6120	4.28000	1.13746e-06	100000.000	4.16625
foilspfbpz05R00_07	75.6953	105.2724	86.2758	0.085582	0.064624	0.124244	0.7085	0.1347	0.0109	35.4760	4.32000	1.15452e-06	100000.000	4.20455
foilspfbpz05R00_08	73.5985	114.9014	84.8277	0.029716	0.075886	0.087862	0.2373	0.0580	0.5354	11.4159	4.30000	9.72268e-07	100000.000	4.20277
foilspfbpz05R00_00	74.8892	103.2667	133.1993	0.012405	0.083928	0.025471	0.1036	0.0035	0.3557	141.0834	4.35000	1.05416e-06	100000.000	4.24458
foilspfbpz05R00_19	131.7996	103.8688	91.5745	0.034750	0.059523	0.125235	0.4203	0.3603	0.0032	-120.0802	4.23000	9.79932e-07	100000.000	4.13201
foilspfbpz05R00_13	57.5433	113.6690	123.9373	0.046895	0.069402	0.081280	0.4983	0.1499	0.1701	86.4420	4.30000	1.03831e-06	100000.000	4.19617
foilspfbpz05R00_09	98.5820	101.4791	96.4722	0.020751	0.057311	0.090469	0.7881	0.1572	0.0613	91.9794	4.31000	1.01757e-06	100000.000	4.20824
foilspfbpz05R02_00	77.5540	119.1739	109.3003	0.010976	0.055531	0.120362	0.0016	0.0127	0.1249	124.2378	4.30000	1.13510e-06	100000.000	4.18649
foilspfbpz05R04_04	36.3760	123.2255	80.3778	0.091889	0.038926	0.135351	0.4343	0.0808	0.0273	-133.9330	4.32000	1.03732e-06	100000.000	4.21627
foilspfbpz05R03_00	77.3699	102.7540	139.0636	0.047607	0.070237	0.073951	0.1545	0.0614	0.1313	117.0533	4.34000	1.07616e-06	100000.000	4.23238
foilspfbpz05R01_00	79.9226	110.3635	94.9948	0.045868	0.066019	0.061047	0.0142	0.0458	0.0105	83.2059	4.41000	1.09528e-06	100000.000	4.30047
foilspfbpz05R04_03	107.2143	120.0082	89.1775	0.054232	0.039489	0.144806	0.0964	0.1497	0.0560	40.6312	4.38000	1.09377e-06	100000.000	4.27062
foilspfbpz05R03_02	111.0402	116.3567	101.9885	0.011107	0.057214	0.067785	0.3857	0.0722	0.1184	117.4404	4.36000	1.00919e-06	100000.000	4.25908
foilspfbpz05R04_02	52.5254	127.1725	92.7436	0.119418	0.031578	0.132772	0.7184	0.0446	0.0498	58.6412	4.27000	1.03728e-06	100000.000	4.16627
foilspfbpz05R05_00	30.9854	116.5184	106.6845	0.047478	0.057449	0.116584	0.1867	0.1244	0.1171	36.0794	4.35000	1.04765e-06	100000.000	4.24523
foilspfbpz05R06_02	33.3742	112.9230	113.2999	0.051965	0.051143	0.111741	0.3369	0.2203	0.0165	7.8812	4.33000	9.73128e-07	100000.000	4.23269
foilspfbpz05R03_01	51.9510	121.0519	71.6843	0.060685	0.057770	0.098169	0.6817	0.0195	0.2706	132.2937	4.36000	1.10834e-06	100000.000	4.24917
foilspfbpz05R07_01	71.8828	123.2277	89.0817	0.025516	0.056595	0.076333	0.3678	0.1465	0.1004	90.5431	4.36000	1.03981e-06	100000.000	4.25602
foilspfbpz05R05_01	30.6280	107.6035	84.0808	0.028157	0.084367	0.060518	0.2078	0.0987	0.2148	106.6861	4.36000	1.09865e-06	100000.000	4.25013
foilspfbpz05R04_01	62.4371	110.1604	79.9841	0.044264	0.060318	0.101279	0.6582	0.0906	0.0080	-57.6409	4.35000	1.06589e-06	100000.000	4.24341
foilspfbpz05R04_00	86.5521	106.2579	91.8811	0.064172	0.053519	0.099483	0.0214	0.0061	0.0300	132.9327	4.39000	1.16778e-06	100000.000	4.27322
foilspfbpz05R06_01	59.7547	117.4496	64.9426	0.040007	0.060135	0.114010	0.6185	0.1599	0.0477	-4.3106	4.35000	1.08674e-06	100000.000	4.24133
foilspfbpz05R08_01	62.2330	105.0626	86.3153	0.073851	0.052128	0.144344	0.8907	0.0201	0.1811	-30.0292	4.35000	1.18442e-06	100000.000	4.23156
foilspfbpz05R06_00	44.9047	102.4645	135.2291	0.010489	0.059166	0.124337	0.3945	0.0020	0.0245	41.6726	4.29000	1.16337e-06	100000.000	4.17366
foilspfbpz05R07_00	48.7906	115.5701	108.4566	0.091271	0.036148	0.116935	0.5777	0.0457	0.0449	62.4115	4.33000	1.06402e-06	100000.000	4.22360
foilspfbpz05R08_00	108.9099	105.5714	91.0381	0.043468	0.062770	0.108196	0.0709	0.1516	0.1083	15.2733	4.38000	1.06822e-06	100000.000	4.27318
foilspfbpz05R09_00	36.9785	113.8190	94.6919	0.091230	0.045534	0.119317	0.6437	0.1524	0.1617	-62.1721	4.33000	9.60943e-07	100000.000	4.23391
foilspfbpz06R00_00	74.8892	103.2667	133.1993	0.012405	0.083928	0.025471	0.1036	0.0035	0.3557	141.0834	4.35000	1.05413e-06	100000.000	4.24459
foilspfbpz06R00_01	92.0829	103.7044	97.6483	0.022515	0.084618	0.031251	0.0496	0.0731	0.1615	57.7591	4.33000	1.05474e-06	100000.000	4.22453
foilspfbpz06R00_16	43.7080	102.1240	64.2671	0.072663	0.070711	0.135805	0.0514	0.0445	0.1475	-31.5661	4.29000	1.18263e-06	100000.000	4.17174
foilspfbpz06R00_05	58.3642	125.4367	76.9292	0.073403	0.056861	0.079200	0.5690	0.1544	0.1034	134.5858	4.33000	1.03147e-06	100000.000	4.22685
foilspfbpz06R00_04	35.2066	108.4076	110.5916	0.027769	0.060309	0.110860	0.1143	0.1632	0.2313	40.9090	4.33000	9.37739e-07	100000.000	4.23623
foilspfbpz06R00_08	73.5985	114.9014	84.8277	0.029716	0.075886	0.087862	0.2373	0.0580	0.5354	11.4159	4.29000	9.72268e-07	100000.000	4.19277
foilspfbpz06R00_11	69.0614	117.6063	105.7786	0.065355	0.050512	0.119468	0.8507	0.0431	0.3819	52.7757	4.30000	9.62641e-07	100000.000	4.20374
foilspfbpz06R00_02	116.8352	111.8831	96.7286	0.021328	0.072434	0.119665	0.3972	0.1011	0.0045	17.6500	4.33000	1.22186e-06	100000.000	4.20781
foilspfbpz06R00_09	43.6613	105.9477	115.5248	0.030352	0.082762	0.017428	0.7415	0.0671	0.0198	109.9922	4.31000	1.06708e-06	100000.000	4.20329
foilspfbpz06R00_07	98.5820	101.4791	96.4722	0.020751	0.057311	0.090469	0.7881	0.1572	0.0613	91.9794	4.31000	1.01758e-06	100000.000	4.20824
foilspfbpz06R00_03	64.7073	100.4419	87.9383	0.087200	0.048988	0.086161	0.0064	0.0792	0.0717	111.5816	4.33000	1.09127e-06	100000.000	4.22087
foilspfbpz06R00_14	68.2827	86.8915	95.7111	0.024654	0.066938	0.135528	0.8049	0.0329	0.4019	3.1901	4.26000	1.07205e-06	100000.000	4.15279
foilspfbpz06R00_15	92.0714	108.2313	82.1365	0.045686	0.063865	0.122250	0.7395	0.0506	0.0337	-138.8407	4.29000	1.14523e-06	100000.000	4.17548
foilspfbpz06R00_18	55.4692	99.7698	115.2685	0.028682	0.098401	0.057147	0.4476	0.1301	0.0776	33.6120	4.29000	1.15588e-06	100000.000	4.17441
foilspfbpz06R00_06	75.6953	105.2724	86.2758	0.085582	0.064624	0.124244	0.7085	0.1347	0.0109	35.4760	4.31000	1.15452e-06	100000.000	4.19455
foilspfbpz06R00_12	38.2968	92.1909	125.6000	0.047412	0.049494	0.129194	0.2119	0.0946	0.2242	10.1854	4.31000	1.00808e-06	100000.000	4.20919
foilspfbpz06R00_17	30.8606	121.7918	92.5750	0.030794	0.048225	0.077429	0.1971	0.2356	0.0740	-13.6835	4.26000	8.39209e-07	100000.000	4.17608
foilspfbpz06R00_10	57.3000	127.3629	36.1447	0.038500	0.055074	0.111650	0.0458	0.1429	0.0169	-8.1915	4.30000	1.07013e-06	100000.000	4.19299
foilspfbpz06R00_19	45.2742	140.7965	81.1014	0.053771	0.045894	0.128275	0.1615	0.0742	0.0249	-52.3168	4.31000	1.06854e-06	100000.000	4.20315
foilspfbpz06R00_13	57.5433	113.6690	123.9373	0.046895	0.069402	0.081280	0.4983	0.1499	0.1701	86.4420	4.30000	1.03341e-06	100000.000	4.19666
foilspfbpz06R01_00	79.9226	110.3635	94.9948	0.045868	0.066019	0.061047	0.0142	0.0458	0.0105	83.2059	4.41000	1.09788e-06	100000.000	4.30021
foilspfbpz06R02_00	122.4166	112.9962	101.6989	0.035116	0.065543	0.088243	0.2722	0.1756	0.0649	99.3025	4.34000	1.00031e-06	100000.000	4.23997
foilspfbpz06R03_01	51.9510	121.0519	71.6843	0.060685	0.057770	0.098169	0.6817	0.0195	0.2706	132.2937	4.36000	1.11170e-06	100000.000	4.24883
foilspfbpz06R03_00	111.0402	116.3567	101.9885	0.011107	0.057214	0.067785	0.3857	0.0722	0.1184	117.4404	4.36000	1.00075e-06	100000.000	4.25993
foilspfbpz06R07_00	71.8828	123.2277	89.0817	0.025516	0.056595	0.076333	0.3678	0.1465	0.1004	90.5431	4.35000	1.02817e-06	100000.000	4.24718
foilspfbpz06R09_00	130.0429	122.6388	67.9156	0.020305	0.039631	0.111082	0.3377	0.1841	0.0285	111.4778	4.20000	1.00093e-06	100000.000	4.09991
foilspfbpz06R10_01	45.7412	93.4181	137.3471	0.073734	0.045328	0.128468	0.6874	0.0095	0.2755	-82.3360	4.29000	9.35190e-07	100000.000	4.19648
foilspfbpz06R06_01	136.1948	106.6865	91.8750	0.026941	0.083605	0.090944	0.0208	0.1921	0.1085	98.1723	4.31000	1.16983e-06	100000.000	4.19302
foilspfbpz06R10_00	72.1878	109.8518	96.4657	0.048749	0.047118	0.119272	0.0321	0.1028	0.0351	-134.6024	4.37000	1.09611e-06	100000.000	4.26039
foilspfbpz06R04_00	86.5521	106.2579	91.8811	0.064172	0.053519	0.099483	0.0214	0.0061	0.0300	132.9327	4.40000	1.16986e-06	100000.000	4.28301
foilspfbpz06R09_01	70.9090	95.9796	112.0386	0.036910	0.050535	0.133680	0.2850	0.1010	0.0072	73.2944	4.33000	1.18168e-06	100000.000	4.21183
foilspfbpz06R08_00	108.9099	105.5714	91.0381	0.043468	0.062770	0.108196	0.0709	0.1516	0.1083	15.2733	4.37000	1.07104e-06	100000.000	4.26290
foilspfbpz06R11_00	112.0512	112.6892	87.3747	0.012785	0.064666	0.122912	0.3940	0.1375	0.0995	7.6530	4.38000	1.05019e-06	100000.000	4.27498
foilspfbpz06R08_02	62.2330	105.0626	86.3153	0.073851	0.052128	0.144344	0.8907	0.0201	0.1811	-30.0292	4.37000	1.18432e-06	100000.000	4.25157
foilspfbpz06R08_03	102.8648	103.3009	90.5483	0.042652	0.055363	0.125275	0.6508	0.0841	0.0314	115.5037	4.35000	1.15659e-06	100000.000	4.23434
foilspfbpz06R06_00	59.7547	117.4496	64.9426	0.040007	0.060135	0.114010	0.6185	0.1599	0.0477	-4.3106	4.34000	1.08674e-06	100000.000	4.23133
foilspfbpz06R08_01	52.1290	112.4139	86.5423	0.043724	0.076656	0.060502	0.1564	0.1442	0.3080	120.2149	4.36000	9.80228e-07	100000.000	4.26198
foilspfbpz06R09_02	36.9785	113.8190	94.6919	0.091230	0.045534	0.119317	0.6437	0.1524	0.1617	-62.1721	4.32000	9.60943e-07	100000.000	4.22391
foilspfbpz06R12_00	106.1624	106.9077	88.7297	0.035972	0.061192	0.118073	0.3400	0.2558	0.0849	103.7514	4.32000	1.06098e-06	100000.000	4.21390
foilspfbpz06R05_00	30.6280	107.6035	84.0808	0.028157	0.084367	0.060518	0.2078	0.0987	0.2148	106.6861	4.36000	1.09831e-06	100000.000	4.25017
foilspfbpz07R00_05	81.7303	107.2330	95.0096	0.083151	0.080053	0.104275	0.5670	0.4040	0.4378	-38.5314	3.93000	6.51064e-07	100000.000	3.86489
foilspfbpz07R00_03	108.7274	103.0690	127.9490	0.045287	0.073102	0.023119	0.2073	0.2065	0.8956	121.4064	4.12000	7.21107e-07	100000.000	4.04789
foilspfbpz07R00_11	96.5421	108.1048	144.6659	0.015114	0.083483	0.074840	0.4319	0.2748	0.3613	-71.4637	4.03000	6.24698e-07	100000.000	3.96753
foilspfbpz07R00_01	41.3497	119.5598	112.1420	0.060212	0.048334	0.085317	0.2380	0.2407	0.4406	-5.8770	4.11000	6.46747e-07	100000.000	4.04533
foilspfbpz07R00_12	58.8510	116.7098	71.7469	0.064968	0.041060	0.083593	0.0293	0.3404	0.4030	-146.9689	3.91000	5.90776e-07	100000.000	3.85092
foilspfbpz07R00_16	71.8314	115.2340	90.0628	0.098125	0.106598	0.054329	0.5541	0.3577	0.4495	74.9252	3.90000	7.03749e-07	100000.000	3.82963
foilspfbpz07R00_10	66.4377	135.4847	52.2924	0.131246	0.035110	0.108459	0.0372	0.3875	0.4575	42.9380	3.91000	7.06362e-07	100000.000	3.83936
foilspfbpz07R00_17	101.1218	121.5904	111.8357	0.052396	0.045780	0.118896	0.0731	0.3874	0.3884	-35.9602	3.97000	5.45801e-07	100000.000	3.91542
foilspfbpz07R00_15	53.4963	83.6759	102.3500	0.032570	0.117500	0.088425	0.4892	0.5050	0.4373	41.5333	3.92000	6.32814e-07	100000.000	3.85672
foilspfbpz07R01_00	49.3560	96.9424	141.6101	0.117989	0.045142	0.091308	0.0398	0.2629	0.6706	87.5464	3.91000	7.04776e-07	100000.000	3.83952
foilspfbpz07R02_00	95.0357	105.5823	89.8803	0.069342	0.071242	0.032986	0.0228	0.3043	0.9323	75.6951	4.01000	6.89305e-07	100000.000	3.94107
foilspfbpz07R04_00	54.4937	99.9584	118.1306	0.093468	0.037939	0.102983	0.0085	0.3884	0.2944	-91.3099	4.03000	6.49299e-07	100000.000	3.96507
foilspfbpz07R03_00	31.9887	123.1116	108.2741	0.115020	0.063080	0.075539	0.3802	0.2985	0.4635	36.2789	4.05000	6.51341e-07	100000.000	3.98487
foilspfbpz07R06_00	39.7317	110.1240	115.8799	0.023436	0.054468	0.092923	0.0976	0.2773	0.3169	-79.5404	4.14000	7.08979e-07	100000.000	4.06910
foilspfbpz07R05_00	55.4748	114.0631	111.6102	0.031081	0.067497	0.035002	0.3283	0.2866	0.3517	68.4426	4.12000	6.41481e-07	100000.000	4.05585
foilspfbpz07R07_00	82.8484	135.5236	106.1971	0.023125	0.052717	0.094956	0.0806	0.2420	0.3183	-71.5135	4.07000	6.84114e-07	100000.000	4.00159
foilspfbpz07R08_00	51.9220	100.9465	103.7563	0.029458	0.057234	0.090935	0.0249	0.2955	0.5351	37.4757	4.08000	6.24293e-07	100000.000	4.01757
foilspfbpz07R09_00	44.0520	103.9822	121.6450	0.035410	0.072005	0.033934	0.3029	0.2306	0.5199	20.5861	4.11000	6.71907e-07	100000.000	4.04281
foilspfbpz07R10_00	65.9138	106.8816	113.1604	0.022396	0.052742	0.073733	0.1319	0.2828	0.4893	25.4688	4.04000	5.75997e-07	100000.000	3.98240
foilspfbpz07R11_01	103.2858	120.6813	99.6922	0.014800	0.065577	0.087253	0.1846	0.3386	0.3993	38.1850	4.05000	6.25574e-07	100000.000	3.98744
foilspfbpz07R13_00	43.5658	116.1344	133.8401	0.068264	0.051583	0.074965	0.3334	0.2123	0.4194	-22.5962	4.08000	6.68483e-07	100000.000	4.01315
foilspfbpz07R11_00	99.6745	103.0623	116.9368	0.018037	0.071303	0.035832	0.0904	0.2627	0.3544	-37.1405	4.15000	6.69505e-07	100000.000	4.08305
foilspfbpz07R14_00	66.4902	106.0455	112.5144	0.018589	0.072310	0.032096	0.3262	0.2107	0.4470	-43.3520	4.12000	6.88044e-07	100000.000	4.05120
foilspfbpz07R12_00	105.8399	103.8684	124.2086	0.017891	0.082497	0.067615	0.3928	0.2696	0.6092	4.0857	4.06000	6.40769e-07	100000.000	3.99592
foilspfbpz07R15_00	69.3199	108.7297	88.6154	0.066326	0.072339	0.082251	0.3250	0.3199	0.5108	-30.4614	4.08000	6.81951e-07	100000.000	4.01180
foilspfbpz07R16_00	88.9622	97.7630	125.7593	0.011267	0.083313	0.020067	0.0027	0.2509	0.5721	-25.3099	4.08000	7.19852e-07	100000.000	4.00801
foilspfbpz07R17_00	80.4393	108.7163	102.8495	0.080668	0.058706	0.049683	0.4908	0.2854	0.6035	147.6671	4.05000	5.82807e-07	100000.000	3.99172
foilspfbpz07R18_00	86.3616	117.4381	66.2592	0.011876	0.091713	0.059826	0.4129	0.2660	0.8862	44.4726	4.00000	6.19045e-07	100000.000	3.93810
foilspfbpz07R19_00	70.9444	127.7641	82.1950	0.027975	0.061162	0.122541	0.5087	0.2906	0.4681	-80.7675	4.03000	6.26727e-07	100000.000	3.96733
foilspfbpz07R00_18	50.0660	88.7057	96.1087	0.047121	0.103014	0.083032	0.3872	0.4957	0.3854	-40.3501	3.94000	7.27933e-07	100000.000	3.86721
foilspfbpz07R00_14	85.6895	129.2330	93.3146	0.109988	0.055085	0.064876	0.0635	0.3560	0.5381	61.3764	3.93000	6.17714e-07	100000.000	3.86823
foilspfbpz07R00_02	65.3439	107.9050	106.4291	0.091096	0.078258	0.059264	0.2052	0.2669	0.6548	2.4381	4.07000	7.61969e-07	100000.000	3.99380
foilspfbpz07R00_13	55.8859	107.1747	81.3016	0.042423	0.094355	0.084049	0.2910	0.4220	0.6820	76.8192	3.98000	5.87275e-07	100000.000	3.92127
foilspfbpz07R00_07	95.7142	94.6683	78.6599	0.059325	0.091597	0.083635	0.1905	0.5406	0.2803	28.4155	4.00000	7.44355e-07	100000.000	3.92556
foilspfbpz07R00_09	45.3899	120.8971	71.2660	0.107699	0.072321	0.055026	0.1787	0.4585	0.2341	36.3762	4.03000	6.58521e-07	100000.000	3.96415
foilspfbpz07R00_19	125.3566	115.1539	74.5831	0.053506	0.078331	0.037453	0.0941	0.3285	0.8725	33.6881	3.88000	5.95893e-07	100000.000	3.82041
foilspfbpz07R00_08	51.3062	120.6312	56.0054	0.079773	0.060886	0.040028	0.1549	0.3108	0.7060	117.0122	4.05000	6.84181e-07	100000.000	3.98158
